timestamp_sec,vehicle_id,x,y,speed_kmph
0.1,0,332,405,0.0
0.1,1,35,197,0.0
0.1,2,125,171,308.14
0.1,3,270,465,0.0
0.1,4,727,467,0.0
0.1,5,302,354,0.0
0.1,6,400,227,429.04
0.1,7,43,157,0.0
0.1,8,444,194,0.0
0.1,9,353,324,236.15
0.1,10,359,274,445.3
0.1,6,429,214,429.04
0.1,2,145,160,308.14
0.1,10,367,242,445.3
0.1,9,361,290,236.15
0.1,9,352,305,236.15
0.2,1,25,210,340.72
0.2,1,39,189,340.72
0.2,10,372,275,450.58
0.2,11,410,257,0.0
0.2,6,428,227,176.02
0.2,0,319,405,175.5
0.2,3,257,441,368.48
0.2,2,178,158,446.32
0.2,12,277,471,0.0
0.2,9,328,299,333.97
0.2,5,328,347,363.5
0.2,13,105,170,0.0
0.2,14,400,193,470.18
0.2,15,606,171,0.0
0.2,14,422,166,470.18
0.3,5,346,340,260.73
0.3,10,402,275,405.0
0.3,16,633,311,0.0
0.3,0,291,390,428.82
0.3,13,109,177,176.02
0.3,3,286,448,397.05
0.3,3,269,472,397.05
0.3,17,382,311,0.0
0.3,18,374,223,0.0
0.3,1,61,186,299.75
0.3,6,406,207,401.38
0.3,19,224,153,0.0
0.3,2,170,156,111.32
0.3,20,553,184,0.0
0.3,14,445,163,313.13
0.3,13,116,166,176.02
0.3,21,630,197,0.0
0.3,22,19,157,0.0
0.4,23,657,382,0.0
0.4,24,29,207,0.0
0.4,25,337,273,0.0
0.4,26,325,424,0.0
0.4,27,746,430,0.0
0.4,5,374,334,386.58
0.4,28,653,230,0.0
0.4,1,62,179,95.46
0.4,18,376,240,231.08
0.4,3,256,468,183.62
0.4,13,147,164,419.37
0.4,14,437,176,206.07
0.4,29,357,377,0.0
0.4,6,407,190,340.72
0.4,2,182,160,170.76
0.4,6,392,202,340.72
0.4,6,406,181,340.72
0.4,19,211,150,180.11
0.5,24,38,200,153.92
0.5,30,309,330,0.0
0.5,31,652,278,0.0
0.5,32,701,447,0.0
0.5,25,356,292,362.75
0.5,13,143,161,67.5
0.5,26,334,410,224.68
0.5,1,92,178,405.22
0.5,14,440,175,42.69
0.5,33,321,453,0.0
0.5,6,410,199,248.93
0.5,18,392,220,422.62
0.5,2,202,153,286.06
0.5,18,364,234,422.62
0.5,3,284,481,416.75
0.6,34,649,345,0.0
0.6,35,283,422,0.0
0.6,24,15,216,378.24
0.6,30,315,361,426.27
0.6,14,429,199,356.41
0.6,25,338,298,256.14
0.6,36,50,197,0.0
0.6,1,104,174,170.76
0.6,18,387,229,317.75
0.6,33,301,477,421.75
0.6,37,363,263,0.0
0.6,2,191,151,150.93
0.6,13,154,161,148.5
0.6,38,271,149,0.0
0.7,36,41,189,162.56
0.7,39,696,398,0.0
0.7,35,283,444,297.0
0.7,1,92,180,181.12
0.7,30,290,372,368.73
0.7,25,330,325,380.16
0.7,37,362,270,95.46
0.7,18,408,233,288.6
0.7,2,169,161,431.37
0.7,14,418,196,153.92
0.7,40,205,154,0.0
0.7,2,139,172,431.37
0.8,35,295,422,338.31
0.8,25,327,326,42.69
0.8,36,47,192,90.56
0.8,41,217,466,0.0
0.8,37,386,278,341.53
0.8,2,166,161,339.92
0.8,18,390,229,164.23
0.8,1,117,164,400.7
0.8,40,223,154,243.0
0.8,18,388,217,164.23
0.8,2,191,158,339.92
0.8,42,267,146,0.0
0.9,35,287,418,120.75
0.9,36,39,195,115.34
0.9,43,364,335,0.0
0.9,25,315,356,436.2
0.9,1,127,167,140.94
0.9,37,358,270,108.0
0.9,2,181,152,157.44
0.9,41,234,486,354.36
0.9,44,60,157,0.0
0.9,45,557,180,0.0
0.9,37,358,262,108.0
0.9,46,344,126,0.0
0.9,47,488,163,0.0
0.9,18,398,193,351.0
1.0,35,314,419,364.75
1.0,1,139,168,162.56
1.0,43,332,347,461.38
1.0,41,236,459,365.5
1.0,48,16,163,0.0
1.0,45,571,202,352.04
1.0,2,185,156,76.37
1.0,49,447,188,368.73
1.0,37,375,235,430.73
1.0,50,220,150,459.79
1.0,47,520,155,445.3
1.0,49,447,170,368.73
1.0,50,254,152,459.79
1.0,49,472,159,368.73
1.0,51,304,141,338.58
1.0,51,294,118,338.58
1.0,52,590,164,0.0
1.1,35,294,442,411.47
1.1,53,63,153,0.0
1.1,48,23,161,98.28
1.1,54,602,234,0.0
1.1,2,203,156,243.0
1.1,47,536,174,335.33
1.1,55,412,214,439.74
1.1,41,242,485,360.22
1.1,55,422,183,439.74
1.1,56,352,298,0.0
1.2,57,668,373,0.0
1.2,58,634,279,0.0
1.2,53,78,155,204.29
1.2,56,368,291,235.77
1.2,59,410,223,370.7
1.2,54,619,237,233.05
1.2,60,309,377,0.0
1.2,61,812,436,0.0
1.2,59,395,246,370.7
1.2,62,598,194,0.0
1.2,55,421,181,30.19
1.3,57,661,341,442.22
1.3,60,320,360,273.35
1.3,63,34,185,0.0
1.3,64,716,433,0.0
1.3,56,363,293,72.7
1.3,58,644,279,135.0
1.3,54,620,229,108.84
1.3,59,384,258,219.76
1.3,65,130,154,0.0
1.3,55,403,209,416.97
1.3,66,167,156,0.0
1.3,55,418,182,416.97
1.3,67,742,489,0.0
1.3,68,263,148,0.0
1.3,69,369,222,0.0
1.4,70,275,442,0.0
1.4,60,328,359,108.84
1.4,71,684,416,0.0
1.4,57,656,337,86.44
1.4,65,140,161,164.79
1.4,58,654,262,266.26
1.4,56,357,302,146.02
1.4,63,45,183,150.93
1.4,67,754,469,314.87
1.4,72,28,150,0.0
1.4,59,392,237,459.2
1.4,66,182,156,355.13
1.4,55,407,197,382.08
1.4,55,431,182,382.08
1.4,59,361,251,459.2
1.4,66,208,160,355.13
1.5,70,282,444,98.28
1.5,60,325,361,48.67
1.5,71,685,402,189.48
1.5,73,712,460,0.0
1.5,65,155,159,204.29
1.5,59,383,269,383.74
1.5,63,19,206,468.63
1.5,57,664,317,290.8
1.5,66,219,152,183.62
1.5,56,340,303,229.9
1.5,74,96,157,0.0
1.5,75,399,223,0.0
1.5,55,413,188,256.14
1.6,76,57,192,0.0
1.6,70,297,438,218.1
1.6,73,710,448,164.23
1.6,60,311,356,200.69
1.6,56,366,305,352.04
1.6,74,102,170,193.29
1.6,71,681,395,108.84
1.6,65,150,156,78.72
1.6,59,392,252,259.68
1.6,77,463,176,0.0
1.6,75,411,193,262.12
1.6,75,400,209,262.12
1.7,78,262,424,0.0
1.7,76,62,182,150.93
1.7,60,339,357,378.24
1.7,65,150,165,350.48
1.7,56,373,285,286.06
1.7,77,446,189,288.91
1.7,73,699,437,210.01
1.7,79,320,304,0.0
1.7,65,175,158,350.48
1.7,75,403,204,78.72
1.7,80,34,154,0.0
1.7,59,391,243,122.25
1.7,81,262,152,0.0
1.8,82,299,426,0.0
1.8,79,342,322,383.74
1.8,56,380,282,102.81
1.8,83,28,211,0.0
1.8,84,140,160,0.0
1.8,77,424,207,383.74
1.8,85,230,475,0.0
1.8,75,395,229,354.36
1.8,86,214,155,0.0
1.8,87,293,358,0.0
1.8,88,504,157,0.0
1.9,87,299,381,320.89
1.9,84,120,175,337.5
1.9,79,358,322,216.0
1.9,85,240,445,405.0
1.9,77,414,229,326.24
1.9,56,385,263,265.23
1.9,89,255,150,0.0
1.9,85,240,475,405.0
1.9,88,482,161,301.87
2.0,90,275,448,0.0
2.0,87,323,384,326.52
2.0,91,26,163,0.0
2.0,92,182,158,0.0
2.0,79,371,305,288.91
2.0,77,408,255,360.22
2.0,89,248,151,95.46
2.0,93,79,162,0.0
2.1,94,20,206,0.0
2.1,90,286,441,176.02
2.1,93,83,157,86.44
2.1,95,356,356,0.0
2.1,77,400,284,406.12
2.1,96,470,189,0.0
2.1,97,520,157,0.0
2.1,89,226,152,297.31
2.1,87,290,379,450.58
2.2,98,367,322,0.0
2.2,99,333,424,0.0
2.2,93,103,175,363.25
2.2,100,133,156,0.0
2.2,101,258,476,0.0
2.2,96,463,203,211.31
2.2,102,395,227,0.0
2.2,103,841,467,0.0
2.2,95,328,349,389.63
2.3,95,315,379,441.39
2.3,104,28,193,388.7
2.3,96,455,219,241.5
2.3,105,184,158,0.0
2.3,102,374,252,440.77
2.3,104,39,160,388.7
2.3,106,295,449,0.0
2.3,104,12,150,388.7
2.3,107,67,154,0.0
2.4,106,297,448,30.19
2.4,108,103,168,0.0
2.4,109,37,196,400.7
2.4,109,12,212,400.7
2.4,96,441,240,340.72
2.4,110,344,296,0.0
2.4,107,62,154,67.5
2.4,111,511,158,0.0
2.4,112,578,396,0.0
2.5,113,649,299,381.12
2.5,114,174,157,0.0
2.5,108,81,181,344.98
2.5,115,397,261,0.0
2.5,116,121,169,0.0
2.5,117,334,360,0.0
2.5,118,552,185,0.0
2.5,119,624,418,0.0
2.5,113,675,310,381.12
2.6,120,680,358,0.0
2.6,115,394,289,380.16
2.6,121,725,416,0.0
2.6,117,344,358,137.67
2.6,114,172,160,406.12
2.6,114,143,168,406.12
2.6,122,713,470,0.0
2.6,123,7,233,0.0
2.6,124,220,148,54.0
2.6,124,220,152,54.0
2.7,125,379,327,0.0
2.7,121,714,438,332.06
2.7,123,22,209,356.41
2.7,126,242,441,0.0
2.7,123,43,193,356.41
2.7,127,258,153,0.0
2.7,128,83,187,0.0
2.7,129,298,142,0.0
2.7,130,377,229,0.0
2.7,124,208,155,94.5
2.7,124,215,155,94.5
2.7,131,775,483,0.0
2.8,132,331,394,0.0
2.8,123,75,179,471.53
2.8,133,120,168,0.0
2.8,134,364,269,0.0
2.8,135,15,166,0.0
2.8,136,10,223,0.0
2.8,137,466,169,0.0
2.8,127,249,145,162.56
2.8,129,324,146,355.13
2.9,138,40,197,0.0
2.9,139,587,295,0.0
2.9,123,87,180,162.56
2.9,140,291,470,0.0
2.9,133,145,161,350.48
2.9,141,182,154,0.0
2.9,142,331,322,0.0
2.9,134,382,254,316.32
2.9,135,15,159,94.5
2.9,143,398,195,0.0
2.9,144,52,149,0.0
2.9,137,465,177,108.84
3.0,145,640,418,320.89
3.0,146,617,359,0.0
3.0,138,28,200,166.99
3.0,147,297,389,0.0
3.0,123,117,171,397.05
3.0,142,346,298,343.65
3.0,123,145,162,397.05
3.0,144,61,158,171.83
3.0,148,630,288,0.0
3.0,137,466,186,122.25
3.0,145,631,396,320.89
3.0,142,364,280,343.65
3.0,134,384,222,432.84
3.0,135,20,149,150.93
3.0,149,452,222,0.0
3.0,150,229,149,0.0
3.0,141,208,151,355.13
3.0,141,194,152,355.13
3.0,141,220,148,355.13
3.1,151,681,380,0.0
3.1,138,38,194,157.44
3.1,152,691,451,0.0
3.1,153,94,171,0.0
3.1,154,361,324,0.0
3.1,155,183,158,0.0
3.1,156,251,433,0.0
3.1,157,556,184,0.0
3.1,147,311,369,243.37
3.1,147,310,351,243.37
3.1,150,258,146,383.98
3.1,137,466,194,243.0
3.1,150,230,151,383.98
3.1,149,445,239,248.19
3.1,137,432,194,243.0
3.1,137,450,194,243.0
3.2,152,716,458,350.48
3.2,158,337,388,0.0
3.2,138,23,208,277.0
3.2,153,101,170,95.46
3.2,150,223,153,98.28
3.2,159,32,158,0.0
3.2,137,463,201,199.33
3.2,160,142,156,0.0
3.2,149,432,258,310.79
3.2,156,260,442,171.83
3.2,161,404,195,251.11
3.2,157,554,176,202.5
3.2,157,561,203,202.5
3.2,157,561,188,202.5
3.2,162,338,282,0.0
3.2,163,526,165,0.0
3.2,161,389,206,251.11
3.3,138,42,197,296.39
3.3,164,290,461,0.0
3.3,153,103,177,98.28
3.3,137,459,212,158.01
3.3,165,389,284,0.0
3.3,161,397,216,333.43
3.3,166,402,320,0.0
3.3,160,164,157,297.31
3.3,161,374,225,333.43
3.3,150,257,150,460.78
3.3,167,403,165,0.0
3.3,168,203,152,0.0
3.4,138,44,186,150.93
3.4,153,114,172,163.12
3.4,169,327,373,0.0
3.4,137,454,229,239.22
3.4,170,366,334,0.0
3.4,160,165,162,68.84
3.4,161,387,235,221.42
3.4,165,372,256,440.77
3.4,167,396,176,176.02
3.4,150,278,149,283.82
3.4,165,357,285,440.77
3.5,138,46,191,72.7
3.5,153,120,165,124.46
3.5,137,442,250,326.52
3.5,170,368,320,190.92
3.5,161,376,258,344.18
3.5,171,287,453,0.0
3.5,160,170,159,78.72
3.5,172,325,413,0.0
3.5,169,334,365,143.51
3.5,173,8,232,0.0
3.5,174,587,166,306.07
3.5,174,605,175,306.07
3.5,175,217,154,0.0
3.5,176,13,165,0.0
3.5,150,252,145,366.74
3.5,150,279,148,366.74
3.5,167,372,197,381.12
3.5,167,398,186,381.12
3.5,174,590,158,306.07
3.5,177,517,162,0.0
3.6,172,327,393,271.35
3.6,171,303,463,254.72
3.6,170,357,297,344.18
3.6,138,75,184,402.74
3.6,178,428,285,0.0
3.6,179,629,325,0.0
3.6,180,602,260,0.0
3.6,153,130,166,135.67
3.6,173,22,207,386.82
3.6,176,36,158,324.56
3.6,160,179,155,132.96
3.6,181,811,398,0.0
3.6,150,298,147,353.33
3.6,175,220,154,40.5
3.6,167,390,209,328.75
3.6,182,642,239,297.31
3.6,183,354,222,0.0
3.6,182,664,240,297.31
3.6,184,608,192,0.0
3.6,174,593,180,299.75
3.6,185,5,240,0.0
3.6,150,272,150,353.33
3.6,186,419,189,0.0
3.7,187,661,406,0.0
3.7,188,329,358,0.0
3.7,179,619,300,363.5
3.7,189,418,335,0.0
3.7,153,148,162,248.93
3.7,190,340,260,0.0
3.7,138,80,188,238.84
3.7,191,247,470,0.0
3.7,167,419,196,429.04
3.7,184,617,210,216.42
3.7,160,199,155,432.84
3.7,138,93,176,238.84
3.7,183,367,237,153.92
3.7,182,659,269,397.28
3.7,184,616,226,216.42
3.7,174,605,185,175.5
3.7,183,374,228,153.92
3.7,160,231,153,432.84
3.8,192,278,434,0.0
3.8,193,397,415,0.0
3.8,194,643,364,0.0
3.8,195,329,319,0.0
3.8,196,16,211,0.0
3.8,153,162,163,189.48
3.8,167,414,212,226.3
3.8,179,623,276,328.47
3.8,184,609,211,429.67
3.8,197,707,479,0.0
3.8,160,202,153,391.5
3.8,184,632,233,429.67
3.8,198,667,307,0.0
3.8,199,55,184,0.0
3.8,190,355,260,470.95
3.8,190,371,229,470.95
3.8,200,240,144,0.0
3.8,201,342,271,0.0
3.9,202,287,398,0.0
3.9,203,673,435,0.0
3.9,198,641,328,451.19
3.9,204,696,372,0.0
3.9,196,26,193,382.08
3.9,184,621,234,149.11
3.9,167,396,233,373.39
3.9,199,67,180,170.76
3.9,195,340,299,308.14
3.9,179,651,274,378.96
3.9,205,350,479,0.0
3.9,206,307,330,0.0
3.9,190,354,249,354.36
3.9,196,11,217,382.08
3.9,160,218,154,216.42
4.0,196,26,202,286.38
4.0,207,718,450,0.0
4.0,198,663,322,307.85
4.0,203,676,403,433.89
4.0,179,643,266,152.74
4.0,199,73,185,297.31
4.0,206,319,359,423.69
4.0,208,223,465,0.0
4.0,202,266,419,400.93
4.0,190,370,267,325.12
4.0,209,144,162,435.78
4.0,209,175,153,435.78
4.0,195,330,300,135.67
4.0,199,87,168,297.31
4.0,210,10,156,0.0
4.1,203,681,391,175.5
4.1,202,257,437,271.68
4.1,198,650,314,206.07
4.1,196,24,210,111.32
4.1,206,297,378,392.43
4.1,199,107,175,286.06
4.1,211,681,467,0.0
4.1,209,148,166,404.55
4.1,195,340,313,221.42
4.1,212,452,174,0.0
4.1,213,207,151,0.0
4.1,214,583,163,0.0
4.1,215,54,179,0.0
4.1,216,334,358,0.0
4.1,217,406,225,0.0
4.1,190,369,275,108.84
4.1,208,216,486,298.84
4.2,211,706,459,354.36
4.2,203,682,384,95.46
4.2,196,44,192,363.25
4.2,199,85,180,304.57
4.2,202,234,454,386.11
4.2,206,305,379,108.84
4.2,218,295,440,0.0
4.2,212,457,184,150.93
4.2,209,130,161,252.2
4.2,219,9,222,162.56
4.2,213,195,156,175.5
4.2,195,347,323,164.79
4.2,214,591,171,419.15
4.2,214,621,179,419.15
4.2,190,393,266,346.03
4.2,220,231,152,0.0
4.2,217,399,209,235.77
4.2,221,545,160,0.0
4.2,219,8,210,162.56
4.3,222,743,450,0.0
4.3,212,449,198,217.68
4.3,202,263,454,391.5
4.3,199,116,170,426.27
4.3,199,147,164,426.27
4.3,219,15,220,164.79
4.3,196,75,182,448.76
4.3,196,44,194,448.76
4.3,214,602,176,308.14
4.3,214,613,196,308.14
4.3,223,650,203,0.0
4.3,206,308,395,219.76
4.3,195,359,313,210.88
4.3,190,383,240,213.45
4.3,190,378,255,213.45
4.3,217,412,179,441.39
4.3,213,228,152,448.76
4.4,224,654,253,0.0
4.4,196,75,184,439.74
4.4,212,435,216,307.85
4.4,225,329,360,0.0
4.4,199,127,169,121.5
4.4,195,365,281,352.04
4.4,226,382,436,0.0
4.4,195,351,303,352.04
4.4,214,618,213,455.41
4.4,214,611,180,455.41
4.4,227,20,167,0.0
4.4,213,198,156,408.58
4.4,217,402,186,164.79
4.4,228,582,159,0.0
4.4,229,330,430,0.0
4.4,199,159,158,121.5
4.4,219,8,218,98.28
4.4,199,178,158,121.5
4.4,202,238,454,337.5
4.4,199,169,158,121.5
4.5,196,43,196,439.11
4.5,230,669,318,0.0
4.5,231,272,443,0.0
4.5,212,422,248,466.29
4.5,229,335,399,423.91
4.5,199,140,166,406.12
4.5,224,625,237,447.13
4.5,225,341,344,270.0
4.5,196,66,173,439.11
4.5,213,178,157,270.34
4.5,214,622,191,210.01
4.5,217,401,199,176.02
4.5,228,587,166,116.13
4.6,232,398,295,0.0
4.6,233,39,198,0.0
4.6,234,642,274,0.0
4.6,235,309,428,0.0
4.6,199,119,170,318.61
4.6,236,729,419,0.0
4.6,231,288,468,400.7
4.6,213,189,156,149.11
4.6,224,638,223,257.92
4.6,217,395,217,256.14
4.6,237,24,147,0.0
4.6,199,138,156,318.61
4.6,196,71,154,122.25
4.6,196,70,163,122.25
4.6,238,436,177,0.0
4.6,214,596,172,434.73
4.7,239,369,369,0.0
4.7,240,651,327,0.0
4.7,233,40,190,108.84
4.7,234,662,259,337.5
4.7,196,97,170,376.55
4.7,213,175,158,190.92
4.7,214,601,188,226.3
4.7,241,388,259,0.0
4.7,238,429,193,235.77
4.7,224,633,216,116.13
4.7,232,374,292,326.52
4.7,242,227,153,0.0
4.7,217,410,239,271.35
4.7,243,5,217,55.66
4.7,217,410,224,271.35
4.7,217,412,204,271.35
4.7,243,9,216,55.66
4.8,244,671,417,0.0
4.8,233,27,206,278.31
4.8,245,331,447,0.0
4.8,246,689,321,0.0
4.8,247,61,180,0.0
4.8,248,340,390,0.0
4.8,232,363,315,277.98
4.8,214,609,204,241.5
4.8,196,113,168,217.68
4.8,234,663,252,392.43
4.8,234,641,233,392.43
4.8,238,412,216,386.11
4.8,232,372,299,277.98
4.8,213,163,156,164.23
4.8,241,391,240,259.68
4.8,232,390,289,277.98
4.9,249,730,417,0.0
4.9,250,299,405,0.0
4.9,196,107,177,146.02
4.9,233,45,194,292.05
4.9,248,349,360,422.83
4.9,246,682,299,311.67
4.9,214,627,225,153.92
4.9,213,140,162,320.89
4.9,251,12,225,0.0
4.9,241,380,250,200.69
4.9,232,361,303,434.73
4.9,238,401,207,405.0
4.9,252,663,267,0.0
4.9,253,176,158,0.0
4.9,254,254,147,0.0
4.9,238,425,189,405.0
4.9,214,612,194,153.92
4.9,255,284,490,0.0
4.9,256,584,172,0.0
4.9,214,621,201,153.92
5.0,257,696,369,0.0
5.0,258,348,401,0.0
5.0,233,64,190,262.12
5.0,259,260,459,0.0
5.0,232,341,304,270.34
5.0,251,14,205,271.35
5.0,241,390,257,164.79
5.0,246,668,320,340.72
5.0,196,119,169,194.7
5.0,213,173,162,284.78
5.0,252,637,249,426.91
5.0,238,401,201,364.75
5.0,214,597,180,430.52
5.0,238,422,184,364.75
5.0,260,622,214,0.0
5.0,254,237,147,229.5
5.0,213,205,155,284.78
5.0,261,468,175,0.0
5.0,213,226,153,284.78
5.1,262,291,409,0.0
5.1,263,377,320,0.0
5.1,264,642,290,0.0
5.1,196,134,168,202.95
5.1,233,62,177,177.56
5.1,265,693,408,0.0
5.1,251,18,214,132.96
5.1,266,735,453,0.0
5.1,241,376,237,329.58
5.1,267,179,158,0.0
5.1,238,409,199,267.97
5.1,252,627,237,210.88
5.1,213,215,155,338.58
5.1,214,599,193,177.56
5.1,213,240,153,338.58
5.1,268,300,489,0.0
5.1,261,450,185,277.98
5.2,269,342,425,0.0
5.2,270,656,355,0.0
5.2,271,345,301,0.0
5.2,233,75,185,206.07
5.2,267,184,157,68.84
5.2,241,391,231,218.1
5.2,264,634,274,241.5
5.2,196,123,161,176.02
5.2,238,437,197,378.96
5.2,214,603,210,235.77
5.2,272,4,176,0.0
5.2,252,611,219,325.12
5.2,213,230,154,135.67
5.2,273,770,490,0.0
5.3,274,303,404,0.0
5.3,270,659,330,339.92
5.3,275,701,437,0.0
5.3,276,377,279,0.0
5.3,196,140,166,239.22
5.3,267,177,152,116.13
5.3,233,42,185,445.5
5.3,241,421,218,441.39
5.3,213,225,155,68.84
5.3,214,620,233,386.11
5.3,252,601,191,401.38
5.3,277,7,227,0.0
5.3,264,637,271,57.28
5.3,238,441,165,471.53
5.3,278,262,150,0.0
5.3,238,409,179,471.53
5.3,279,325,143,0.0
5.4,233,70,183,378.96
5.4,275,723,415,420.02
5.4,280,317,368,0.0
5.4,270,660,344,189.48
5.4,276,374,311,433.89
5.4,196,110,165,405.22
5.4,281,625,313,0.0
5.4,214,607,213,322.03
5.4,282,37,159,0.0
5.4,283,399,256,464.92
5.4,267,190,158,108.0
5.4,264,630,261,164.79
5.4,283,384,225,464.92
5.4,284,651,225,135.67
5.4,238,434,174,344.18
5.4,267,198,154,108.0
5.4,213,258,150,450.58
5.4,284,650,215,135.67
5.4,267,212,148,108.0
5.4,267,220,148,108.0
5.5,285,534,390,0.0
5.5,275,717,430,218.1
5.5,276,384,307,145.4
5.5,233,40,183,383.74
5.5,286,304,412,0.0
5.5,270,638,319,449.57
5.5,233,22,205,383.74
5.5,287,345,263,0.0
5.5,196,142,164,422.83
5.5,288,88,155,0.0
5.5,196,172,155,422.83
5.5,289,225,460,0.0
5.5,214,627,233,381.84
5.5,290,667,263,0.0
5.5,283,384,221,54.0
5.5,267,227,153,116.13
5.5,238,418,193,335.33
5.5,291,338,144,0.0
5.5,292,11,130,0.0
5.5,293,784,480,0.0
5.6,294,659,415,0.0
5.6,295,348,395,0.0
5.6,233,32,201,145.4
5.6,288,84,177,423.69
5.6,296,348,317,0.0
5.6,297,634,278,0.0
5.6,298,319,476,0.0
5.6,299,667,299,0.0
5.6,288,111,161,423.69
5.6,276,380,276,421.97
5.6,196,142,154,405.22
5.6,283,410,220,351.26
5.6,270,668,328,422.83
5.6,300,562,172,0.0
5.6,267,198,154,391.73
5.6,214,629,223,137.67
5.6,301,371,226,0.0
5.7,302,369,348,0.0
5.7,233,55,190,344.18
5.7,270,654,334,205.63
5.7,303,709,438,0.0
5.7,304,292,424,0.0
5.7,288,114,173,166.99
5.7,305,699,374,0.0
5.7,300,561,184,162.56
5.7,276,389,258,431.37
5.7,306,351,278,0.0
5.7,298,291,484,393.13
5.7,214,602,209,410.59
5.7,196,160,160,260.73
5.7,297,644,265,221.42
5.7,307,728,484,0.0
5.7,283,427,198,375.34
5.7,276,359,269,431.37
5.7,308,7,227,0.0
5.7,309,235,152,0.0
5.7,196,178,153,260.73
5.8,304,293,445,283.82
5.8,303,690,424,318.61
5.8,302,336,352,448.76
5.8,308,20,199,416.75
5.8,233,70,185,213.45
5.8,288,124,168,150.93
5.8,300,574,197,248.19
5.8,307,748,467,354.36
5.8,214,622,233,421.75
5.8,270,662,322,194.7
5.8,283,420,218,466.09
5.8,306,360,304,371.43
5.8,196,177,158,68.84
5.8,276,371,250,303.37
5.8,309,216,153,256.86
5.8,310,345,143,0.0
5.8,311,445,178,0.0
5.8,312,655,164,0.0
5.8,313,587,152,0.0
5.8,314,283,149,0.0
5.8,315,20,156,0.0
5.8,283,426,252,466.09
5.9,304,296,453,115.34
5.9,316,304,391,0.0
5.9,303,694,402,301.87
5.9,196,184,158,423.91
5.9,317,649,275,0.0
5.9,288,142,165,246.35
5.9,306,336,310,333.97
5.9,318,416,298,0.0
5.9,300,590,219,367.24
5.9,283,409,245,248.19
5.9,311,439,195,243.37
5.9,319,626,191,0.0
5.9,196,215,153,423.91
5.9,320,396,203,0.0
5.9,313,591,167,209.58
5.9,307,761,490,356.67
5.9,308,50,181,472.31
5.9,310,332,144,72.7
5.9,310,337,146,72.7
6.0,316,282,404,344.98
6.0,321,667,346,0.0
6.0,308,60,189,172.88
6.0,318,393,288,338.58
6.0,322,367,372,0.0
6.0,300,594,246,368.48
6.0,283,391,225,363.25
6.0,311,433,216,294.84
6.0,196,194,156,296.08
6.0,319,638,220,423.69
6.0,196,224,155,296.08
6.0,317,652,282,102.81
6.0,323,671,156,0.0
6.0,196,244,146,296.08
6.0,324,9,217,0.0
6.0,325,752,455,0.0
6.0,326,205,491,0.0
6.0,320,408,176,398.88
6.0,313,600,184,259.68
6.0,327,443,159,0.0
6.1,322,360,357,223.46
6.1,328,706,436,0.0
6.1,321,671,363,235.77
6.1,329,605,287,0.0
6.1,324,24,200,306.07
6.1,318,379,271,297.31
6.1,308,63,183,90.56
6.1,319,652,249,434.73
6.1,330,134,168,0.0
6.1,283,417,244,434.73
6.1,331,324,470,0.0
6.1,332,622,212,0.0
6.1,196,274,151,470.95
6.1,313,590,205,314.0
6.1,196,305,135,470.95
6.1,320,431,167,333.43
6.1,333,390,197,0.0
6.1,334,260,152,337.77
6.1,323,687,156,216.0
6.1,334,235,151,337.77
6.2,335,623,350,0.0
6.2,336,351,319,0.0
6.2,331,307,455,306.07
6.2,328,703,455,259.68
6.2,308,89,173,376.07
6.2,337,666,292,0.0
6.2,318,395,280,247.83
6.2,324,36,186,248.93
6.2,330,131,165,57.28
6.2,319,649,243,90.56
6.2,332,598,229,397.05
6.2,338,9,224,0.0
6.2,320,419,182,259.33
6.2,339,184,156,0.0
6.2,323,709,164,316.03
6.2,340,452,161,0.0
6.2,333,380,217,301.87
6.2,341,45,148,0.0
6.2,283,387,236,419.15
6.3,342,310,406,0.0
6.3,324,35,195,122.25
6.3,343,666,441,0.0
6.3,336,360,338,283.82
6.3,344,675,352,0.0
6.3,308,62,183,388.7
6.3,318,394,296,216.42
6.3,330,162,161,265.23
6.3,319,625,260,397.05
6.3,345,110,166,0.0
6.3,337,677,282,200.69
6.3,333,364,248,470.95
6.3,320,407,199,458.4
6.3,346,577,173,0.0
6.3,330,181,156,265.23
6.3,340,454,160,386.82
6.3,323,723,165,189.48
6.3,339,217,154,446.32
6.3,347,276,144,0.0
6.3,320,399,232,458.4
6.3,340,429,174,386.82
6.4,342,315,430,330.96
6.4,348,714,449,0.0
6.4,336,366,365,373.39
6.4,344,706,350,419.37
6.4,330,172,157,122.25
6.4,349,639,303,0.0
6.4,324,24,208,229.9
6.4,345,113,171,78.72
6.4,350,355,295,0.0
6.4,333,387,259,344.18
6.4,320,401,221,150.93
6.4,346,584,190,326.52
6.4,339,214,154,40.5
6.4,323,723,172,94.5
6.4,340,446,165,438.07
6.4,346,581,166,326.52
6.4,351,237,489,0.0
6.4,340,419,183,438.07
6.4,347,249,144,364.5
6.5,352,661,375,0.0
6.5,348,746,439,452.6
6.5,353,328,372,0.0
6.5,342,313,451,284.78
6.5,330,172,159,27.0
6.5,354,78,178,0.0
6.5,333,399,249,210.88
6.5,323,744,189,364.75
6.5,350,359,294,55.66
6.5,355,46,160,0.0
6.5,356,608,207,0.0
6.5,357,683,271,0.0
6.5,346,587,175,146.02
6.5,320,411,188,205.63
6.5,320,429,174,205.63
6.5,339,214,155,13.5
6.5,347,276,152,380.16
6.5,320,443,168,205.63
6.6,353,329,339,445.7
6.6,358,707,461,0.0
6.6,359,254,454,0.0
6.6,360,778,207,0.0
6.6,350,384,284,363.5
6.6,355,42,193,448.76
6.6,356,626,231,405.0
6.6,361,11,210,0.0
6.6,339,216,155,27.0
6.6,346,603,191,305.47
6.6,362,603,334,0.0
6.6,363,716,336,0.0
6.6,330,140,161,432.84
6.6,364,22,150,0.0
6.6,320,435,176,397.05
6.6,320,418,188,397.05
6.6,320,401,212,397.05
6.6,347,253,151,310.79
6.7,365,298,414,0.0
6.7,353,354,329,363.5
6.7,355,40,192,137.67
6.7,366,820,241,0.0
6.7,356,633,260,402.74
6.7,367,678,305,0.0
6.7,346,621,207,373.39
6.7,355,66,180,137.67
6.7,368,726,401,0.0
6.7,369,106,170,0.0
6.7,346,603,186,373.39
6.7,320,396,236,446.93
6.7,339,245,152,393.59
6.7,320,410,206,446.93
6.7,370,372,250,115.34
6.7,355,76,182,137.67
6.7,364,29,159,153.92
6.7,350,376,282,111.32
6.7,370,369,242,115.34
6.8,367,651,301,368.48
6.8,371,697,362,0.0
6.8,372,877,285,0.0
6.8,365,317,399,326.8
6.8,356,633,229,449.37
6.8,364,28,162,42.69
6.8,355,105,171,333.97
6.8,373,163,158,0.0
6.8,356,615,201,449.37
6.8,353,349,343,200.69
6.8,370,380,265,453.81
6.8,374,259,484,0.0
6.8,375,798,476,0.0
6.8,320,400,226,301.87
6.8,370,349,278,453.81
6.8,376,65,156,0.0
6.8,339,269,153,324.28
6.8,355,129,165,333.97
6.9,371,674,358,315.16
6.9,377,943,354,0.0
6.9,378,715,442,0.0
6.9,379,654,259,0.0
6.9,355,160,159,426.27
6.9,376,76,156,148.5
6.9,370,365,304,412.14
6.9,353,331,366,394.28
6.9,356,631,220,335.33
6.9,380,285,414,0.0
6.9,320,382,251,415.88
6.9,374,276,461,386.11
6.9,381,206,152,0.0
6.9,339,256,145,206.07
6.9,382,316,143,0.0
6.9,383,112,153,0.0
7.0,378,702,436,193.29
7.0,384,664,302,0.0
7.0,353,335,365,55.66
7.0,374,291,450,251.11
7.0,385,31,197,0.0
7.0,370,367,287,231.08
7.0,379,652,247,164.23
7.0,381,196,154,137.67
7.0,355,152,157,111.32
7.0,386,992,453,0.0
7.0,339,237,150,265.23
7.0,387,594,192,0.0
7.0,320,372,243,172.88
7.1,388,686,360,0.0
7.1,374,298,442,143.51
7.1,353,340,335,410.59
7.1,385,40,199,124.46
7.1,384,673,283,283.82
7.1,389,96,174,400.93
7.1,370,376,295,162.56
7.1,390,627,216,0.0
7.1,339,232,153,466.09
7.1,391,16,154,0.0
7.1,392,454,193,0.0
7.1,387,599,174,252.2
7.1,389,75,153,400.93
7.1,320,390,234,271.68
7.1,393,547,172,0.0
7.1,339,266,147,466.09
7.1,381,189,158,108.84
7.2,388,685,337,310.79
7.2,394,703,442,0.0
7.2,374,291,417,350.48
7.2,353,351,351,262.12
7.2,395,104,176,0.0
7.2,396,644,247,0.0
7.2,385,37,190,128.07
7.2,397,139,160,0.0
7.2,390,612,196,337.5
7.2,339,265,152,68.84
7.2,370,388,273,338.31
7.2,387,566,182,150.93
7.2,398,392,169,0.0
7.2,399,232,164,0.0
7.2,387,555,184,150.93
7.2,400,5,228,0.0
7.3,394,712,416,371.43
7.3,374,307,435,325.12
7.3,385,64,185,370.7
7.3,401,640,290,0.0
7.3,353,372,331,391.5
7.3,402,30,199,0.0
7.3,395,104,166,135.0
7.3,400,21,224,222.65
7.3,390,633,205,308.44
7.3,397,167,161,350.48
7.3,387,588,195,297.31
7.3,397,192,154,350.48
7.3,403,39,151,0.0
7.3,404,404,215,0.0
7.3,405,217,486,0.0
7.3,398,423,176,429.04
7.3,339,283,155,246.35
7.3,387,566,196,297.31
7.4,406,639,355,0.0
7.4,395,138,166,303.37
7.4,385,72,190,397.05
7.4,402,32,197,38.18
7.4,390,634,236,418.72
7.4,400,9,231,187.55
7.4,385,96,173,397.05
7.4,387,592,215,434.73
7.4,407,316,397,0.0
7.4,408,389,251,189.0
7.4,409,763,480,0.0
7.4,408,372,261,189.0
7.4,403,21,150,243.37
7.4,397,208,155,216.42
7.4,404,413,194,308.44
7.4,410,375,207,0.0
7.4,395,157,154,303.37
7.4,353,354,304,243.0
7.4,408,358,261,189.0
7.4,353,354,286,243.0
7.5,411,682,433,0.0
7.5,402,53,190,298.84
7.5,412,637,289,0.0
7.5,353,379,292,347.08
7.5,385,94,175,38.18
7.5,395,132,167,311.67
7.5,407,308,375,316.03
7.5,395,154,160,311.67
7.5,413,328,313,0.0
7.5,404,402,211,445.3
7.5,397,196,157,164.23
7.5,414,651,205,0.0
7.5,400,20,203,392.43
7.5,400,7,229,392.43
7.5,415,236,457,0.0
7.5,406,654,355,202.5
7.5,416,279,429,0.0
7.5,417,618,189,111.32
7.5,404,410,179,445.3
7.5,390,605,237,150.93
7.5,408,363,243,252.2
7.5,417,620,181,111.32
7.5,418,62,146,0.0
7.5,390,607,226,150.93
7.5,403,20,145,68.84
7.6,411,691,453,296.08
7.6,406,659,345,150.93
7.6,402,63,192,177.56
7.6,419,352,351,0.0
7.6,415,255,447,289.86
7.6,413,328,295,243.0
7.6,414,662,237,456.81
7.6,416,268,399,431.37
7.6,385,120,168,363.5
7.6,400,11,216,183.62
7.6,408,387,242,164.23
7.6,412,621,274,296.08
7.6,395,157,160,459.79
7.6,417,637,205,310.79
7.6,395,191,158,459.79
7.6,402,87,177,177.56
7.6,420,271,149,0.0
7.6,408,356,252,164.23
7.6,408,354,240,164.23
7.6,417,618,192,310.79
7.6,402,100,175,177.56
7.6,421,235,152,0.0
7.6,404,403,200,298.84
7.7,422,699,418,0.0
7.7,423,630,317,0.0
7.7,424,301,436,0.0
7.7,402,126,170,414.12
7.7,400,18,208,143.51
7.7,425,51,186,0.0
7.7,426,291,363,0.0
7.7,427,676,273,0.0
7.7,402,155,160,414.12
7.7,395,203,154,405.22
7.7,414,653,234,128.07
7.7,404,391,221,326.52
7.7,428,376,275,0.0
7.7,429,218,480,0.0
7.7,419,369,363,280.92
7.7,417,621,211,259.68
7.7,413,352,296,324.28
7.7,395,233,153,405.22
7.8,430,645,384,0.0
7.8,431,684,322,0.0
7.8,425,76,182,341.79
7.8,429,236,453,438.07
7.8,413,359,329,455.41
7.8,400,34,200,241.5
7.8,432,120,169,0.0
7.8,424,322,444,303.37
7.8,402,166,158,150.93
7.8,433,8,226,0.0
7.8,426,309,381,343.65
7.8,404,376,251,452.8
7.8,395,207,153,351.0
7.8,427,657,273,256.5
7.8,414,635,238,248.93
7.8,434,595,169,0.0
7.8,435,754,478,0.0
7.8,436,561,158,0.0
7.8,437,559,227,0.0
7.8,438,413,216,0.0
7.8,439,450,169,0.0
7.8,440,21,153,0.0
7.9,441,690,454,0.0
7.9,424,303,418,434.73
7.9,442,714,392,0.0
7.9,432,132,165,170.76
7.9,431,655,322,391.5
7.9,413,346,308,333.43
7.9,425,48,187,383.98
7.9,402,175,158,121.5
7.9,443,93,176,0.0
7.9,444,275,473,0.0
7.9,395,217,155,386.58
7.9,440,21,163,135.0
7.9,434,606,185,235.77
7.9,395,245,149,386.58
7.9,427,627,277,408.58
7.9,439,429,182,333.43
7.9,404,381,251,204.29
7.9,404,403,228,204.29
7.9,434,623,189,235.77
7.9,445,340,146,0.0
7.9,446,66,144,0.0
7.9,436,575,162,196.56
7.9,404,405,243,204.29
8.0,424,306,388,407.02
8.0,447,680,381,0.0
8.0,448,753,461,0.0
8.0,425,41,195,202.95
8.0,404,399,274,426.27
8.0,425,53,183,202.95
8.0,402,181,156,364.75
8.0,432,112,165,339.92
8.0,431,637,329,260.73
8.0,439,455,196,398.65
8.0,449,630,229,267.29
8.0,450,8,198,0.0
8.0,413,354,318,172.88
8.0,432,125,165,339.92
8.0,434,611,203,248.93
8.0,449,644,215,267.29
8.0,395,242,152,57.28
8.0,451,399,197,446.32
8.0,436,591,171,247.83
8.0,451,401,230,446.32
8.0,444,245,491,472.31
8.0,440,24,149,193.29
8.0,402,208,155,364.75
8.0,425,68,184,202.95
8.0,432,150,162,339.92
8.1,452,719,442,0.0
8.1,413,382,322,381.84
8.1,453,248,453,0.0
8.1,432,124,172,376.07
8.1,424,305,396,108.84
8.1,454,161,158,0.0
8.1,449,657,245,453.81
8.1,434,625,223,329.58
8.1,395,272,154,405.9
8.1,451,384,220,266.26
8.1,439,445,214,256.86
8.1,436,595,182,372.41
8.1,449,628,262,453.81
8.1,402,201,155,94.5
8.1,447,675,389,127.36
8.1,404,390,268,146.02
8.1,439,426,213,256.86
8.1,431,611,327,352.04
8.1,436,575,163,372.41
8.2,455,352,396,0.0
8.2,456,37,197,296.08
8.2,439,430,235,301.87
8.2,413,361,318,288.6
8.2,456,21,212,296.08
8.2,451,369,249,440.77
8.2,431,638,316,393.59
8.2,452,706,429,248.19
8.2,457,666,286,0.0
8.2,453,251,458,78.72
8.2,458,602,196,0.0
8.2,459,636,380,0.0
8.2,449,641,248,257.92
8.2,402,216,153,204.29
8.2,395,263,147,426.27
8.2,395,232,153,426.27
8.2,436,577,175,164.23
8.2,460,413,171,400.93
8.2,460,392,192,400.93
8.2,454,171,159,135.67
8.2,461,434,165,0.0
8.3,413,346,292,405.22
8.3,462,80,183,0.0
8.3,463,309,399,0.0
8.3,456,16,206,105.44
8.3,458,617,216,375.34
8.3,464,414,267,0.0
8.3,465,306,462,0.0
8.3,466,671,452,0.0
8.3,467,114,172,0.0
8.3,459,660,383,326.52
8.3,468,689,335,0.0
8.3,431,657,290,434.73
8.3,436,578,185,135.67
8.3,458,639,199,375.34
8.3,469,28,159,0.0
8.3,470,727,482,0.0
8.3,460,409,195,373.39
8.3,460,388,213,373.39
8.3,402,239,155,311.67
8.3,461,432,172,98.28
8.3,471,576,150,0.0
8.4,472,319,351,0.0
8.4,473,726,407,0.0
8.4,474,150,164,0.0
8.4,468,674,340,213.45
8.4,466,679,459,143.51
8.4,475,392,313,0.0
8.4,476,231,462,0.0
8.4,477,635,240,0.0
8.4,456,22,203,90.56
8.4,462,71,177,146.02
8.4,436,585,199,211.31
8.4,478,370,254,176.02
8.4,461,439,181,153.92
8.4,471,583,159,452.6
8.4,469,15,159,334.24
8.4,460,412,204,346.03
8.4,458,651,219,314.87
8.4,478,371,250,176.02
8.4,478,393,235,176.02
8.4,471,615,169,452.6
8.4,469,32,141,334.24
8.4,479,326,143,334.24
8.4,402,272,153,446.32
8.4,478,386,246,176.02
8.4,479,344,126,334.24
8.5,480,285,425,0.0
8.5,481,360,381,0.0
8.5,473,703,414,324.56
8.5,456,36,200,430.52
8.5,482,656,275,0.0
8.5,483,334,312,0.0
8.5,484,781,463,0.0
8.5,436,597,220,326.52
8.5,456,57,176,430.52
8.5,474,140,160,145.4
8.5,461,432,195,211.31
8.5,485,109,177,0.0
8.5,486,192,156,0.0
8.5,487,365,290,0.0
8.5,478,394,220,111.32
8.5,471,585,172,407.02
8.5,488,622,186,0.0
8.5,477,664,236,395.21
8.5,478,381,228,111.32
8.5,478,377,246,111.32
8.5,478,375,254,111.32
8.6,485,98,174,153.92
8.6,489,665,318,0.0
8.6,490,290,387,0.0
8.6,491,324,447,0.0
8.6,492,15,211,0.0
8.6,456,46,157,296.39
8.6,436,613,247,423.69
8.6,481,351,352,409.92
8.6,493,728,458,0.0
8.6,474,170,162,405.9
8.6,461,419,217,344.98
8.6,471,577,181,162.56
8.6,488,630,207,303.37
8.6,494,237,477,0.0
8.6,482,680,271,328.47
8.6,487,362,270,296.08
8.6,487,378,255,296.08
8.6,495,405,171,0.0
8.7,496,665,375,0.0
8.7,436,623,280,465.51
8.7,492,24,209,421.75
8.7,497,701,333,0.0
8.7,491,329,428,265.23
8.7,492,48,189,421.75
8.7,494,247,454,338.58
8.7,498,652,241,0.0
8.7,485,81,179,413.24
8.7,461,407,249,461.38
8.7,474,157,160,461.77
8.7,471,597,198,354.36
8.7,481,345,332,281.89
8.7,490,313,363,448.76
8.7,495,432,167,368.48
8.7,499,362,288,0.0
8.7,500,258,149,405.22
8.7,485,100,155,413.24
8.7,474,190,151,461.77
8.7,456,41,150,116.13
8.7,500,228,150,405.22
8.7,501,396,195,0.0
8.8,502,685,445,0.0
8.8,503,639,329,0.0
8.8,492,44,189,54.0
8.8,504,724,399,0.0
8.8,485,81,178,402.74
8.8,505,670,278,0.0
8.8,498,629,222,402.74
8.8,506,119,167,0.0
8.8,494,275,447,393.59
8.8,507,154,162,0.0
8.8,499,396,288,459.0
8.8,490,309,397,462.17
8.8,494,278,476,393.59
8.8,456,15,158,367.24
8.8,481,348,360,380.16
8.8,508,379,227,0.0
8.8,471,615,185,455.41
8.8,495,418,192,386.82
8.8,509,345,305,0.0
8.8,471,582,178,455.41
8.9,510,669,398,0.0
8.9,492,33,196,176.02
8.9,511,679,324,0.0
8.9,512,775,459,0.0
8.9,506,122,165,48.67
8.9,505,647,255,439.11
8.9,481,354,342,256.14
8.9,507,180,157,439.53
8.9,494,248,462,446.93
8.9,485,57,157,430.52
8.9,513,303,440,0.0
8.9,514,356,270,0.0
8.9,507,203,153,439.53
8.9,490,293,382,296.08
8.9,515,158,161,0.0
8.9,516,238,152,0.0
8.9,498,628,200,297.31
8.9,495,438,173,204.29
8.9,508,402,243,378.24
8.9,471,578,188,149.11
8.9,495,423,175,204.29
8.9,471,589,189,149.11
8.9,517,388,186,410.59
8.9,507,171,159,439.53
8.9,517,409,208,410.59
9.0,518,636,299,0.0
9.0,519,681,458,0.0
9.0,520,705,393,0.0
9.0,492,35,191,72.7
9.0,513,311,418,316.03
9.0,506,102,169,275.35
9.0,494,239,457,138.99
9.0,508,400,242,30.19
9.0,507,184,156,180.11
9.0,498,632,215,209.58
9.0,514,374,284,307.85
9.0,521,319,326,0.0
9.0,495,427,191,392.43
9.0,522,12,151,0.0
9.0,471,595,202,297.31
9.0,495,440,165,392.43
9.0,516,231,154,98.28
9.0,471,573,201,297.31
9.1,523,653,353,0.0
9.1,524,732,455,0.0
9.1,492,43,196,334.24
9.1,506,119,166,233.05
9.1,514,377,282,48.67
9.1,525,275,464,0.0
9.1,507,172,157,162.56
9.1,498,642,244,171.83
9.1,495,434,181,230.69
9.1,513,284,406,398.88
9.1,526,412,209,0.0
9.1,527,342,244,0.0
9.1,492,61,179,334.24
9.1,521,332,324,177.56
9.1,508,390,222,301.87
9.1,516,232,155,19.09
9.1,498,613,229,171.83
9.1,528,375,386,0.0
9.1,498,604,220,171.83
9.2,529,693,422,0.0
9.2,530,642,284,0.0
9.2,521,359,335,393.59
9.2,492,59,181,38.18
9.2,495,420,196,386.58
9.2,506,117,170,418.72
9.2,498,610,205,218.1
9.2,514,370,257,430.52
9.2,531,330,290,0.0
9.2,506,146,159,418.72
9.2,532,312,448,0.0
9.2,514,394,236,430.52
9.2,533,240,457,0.0
9.2,507,191,155,459.2
9.2,513,287,389,233.05
9.2,534,623,247,0.0
9.2,516,262,155,405.0
9.2,495,414,168,386.58
9.2,507,225,156,459.2
9.3,535,329,402,0.0
9.3,536,662,342,0.0
9.3,506,137,164,138.99
9.3,533,252,459,164.23
9.3,514,401,218,260.73
9.3,537,173,158,0.0
9.3,538,375,269,0.0
9.3,498,619,230,358.7
9.3,521,351,301,471.53
9.3,507,199,152,364.75
9.3,539,306,335,0.0
9.3,540,736,465,0.0
9.3,495,442,175,411.25
9.3,530,640,280,233.05
9.3,507,230,151,364.75
9.3,495,414,187,411.25
9.3,530,643,263,233.05
9.3,541,97,158,0.0
9.3,507,257,150,364.75
9.4,542,692,425,0.0
9.4,498,631,257,398.88
9.4,543,290,447,0.0
9.4,537,197,155,439.53
9.4,536,653,334,426.91
9.4,506,142,158,105.44
9.4,521,354,310,128.07
9.4,544,335,357,0.0
9.4,545,278,393,0.0
9.4,546,9,215,0.0
9.4,495,439,191,341.79
9.4,538,373,245,325.12
9.4,514,388,207,229.9
9.4,536,679,352,426.91
9.4,547,15,147,0.0
9.4,537,229,149,439.53
9.4,548,528,166,0.0
9.5,549,655,300,0.0
9.5,542,690,412,177.56
9.5,550,79,175,0.0
9.5,551,731,449,0.0
9.5,546,18,212,128.07
9.5,544,330,369,175.5
9.5,543,294,424,315.16
9.5,552,235,459,0.0
9.5,521,353,289,283.82
9.5,537,235,153,97.35
9.5,538,364,241,132.96
9.5,514,405,212,239.22
9.5,506,176,158,459.0
9.5,495,453,204,257.92
9.6,553,678,356,0.0
9.6,544,325,339,410.59
9.6,543,304,432,172.88
9.6,546,32,194,401.38
9.6,521,351,289,27.0
9.6,551,735,475,355.13
9.6,538,381,242,418.5
9.6,546,12,216,401.38
9.6,550,92,176,176.02
9.6,506,154,158,297.0
9.6,552,227,466,143.51
9.6,537,210,163,363.5
9.6,538,404,228,418.5
9.6,538,435,228,418.5
9.6,554,342,147,0.0
9.6,555,294,140,356.41
9.6,555,270,151,356.41
9.7,556,685,430,0.0
9.7,543,299,413,265.23
9.7,521,371,288,270.34
9.7,544,325,343,54.0
9.7,546,39,195,236.15
9.7,550,116,171,330.96
9.7,557,80,181,0.0
9.7,506,165,158,148.5
9.7,546,24,204,236.15
9.7,558,405,265,0.0
9.7,537,214,153,145.4
9.7,559,278,473,0.0
9.7,560,34,150,0.0
9.7,555,284,133,307.85
9.7,554,314,140,389.63
9.8,544,350,352,358.7
9.8,546,35,193,210.01
9.8,561,399,317,0.0
9.8,559,280,460,177.56
9.8,550,93,176,317.75
9.8,562,259,404,0.0
9.8,563,252,151,0.0
9.8,506,182,159,95.46
9.8,564,132,170,0.0
9.8,506,157,164,95.46
9.8,565,696,480,0.0
9.8,537,211,150,57.28
9.8,566,429,210,0.0
9.8,567,5,224,0.0
9.8,506,164,162,95.46
9.8,506,171,161,95.46
9.8,568,497,164,0.0
9.9,546,63,182,406.12
9.9,569,310,417,0.0
9.9,544,369,380,456.81
9.9,570,538,218,0.0
9.9,567,21,200,389.4
9.9,550,118,168,354.36
9.9,571,224,453,0.0
9.9,506,168,159,283.82
9.9,563,226,155,333.43
9.9,566,434,179,423.91
9.9,572,421,264,0.0
9.9,563,244,147,333.43
9.9,573,563,169,0.0
9.9,506,189,158,283.82
9.9,574,280,153,0.0
9.9,575,21,153,0.0
9.9,563,221,156,333.43
10.0,546,56,193,176.02
10.0,550,145,162,373.39
10.0,569,325,443,405.22
10.0,576,618,339,0.0
10.0,571,248,457,328.47
10.0,506,187,156,419.37
10.0,577,88,172,0.0
10.0,572,452,253,444.07
10.0,578,651,369,0.0
10.0,506,218,154,419.37
10.0,575,40,156,259.68
10.0,579,522,157,0.0
10.0,580,576,206,217.68
10.0,581,388,311,0.0
10.0,582,649,241,0.0
10.0,583,287,323,0.0
10.0,584,381,203,0.0
10.0,566,421,183,183.62
10.0,580,592,204,217.68
10.1,585,709,443,0.0
10.1,581,395,303,143.51
10.1,550,123,171,416.97
10.1,578,646,403,463.94
10.1,546,32,195,352.04
10.1,550,150,156,416.97
10.1,577,92,154,248.93
10.1,546,10,209,352.04
10.1,584,403,226,429.67
10.1,506,210,155,433.89
10.1,586,362,240,0.0
10.1,587,576,171,0.0
10.1,506,199,155,433.89
10.1,588,259,380,0.0
10.1,506,224,154,433.89
10.1,579,499,155,311.67
10.1,589,655,283,0.0
10.1,506,256,151,433.89
10.1,590,276,490,0.0
10.1,580,593,177,143.51
10.1,591,583,238,353.33
10.1,580,600,185,143.51
10.1,591,609,235,353.33
10.2,592,365,369,0.0
10.2,585,689,467,421.75
10.2,546,30,205,275.35
10.2,577,76,178,429.04
10.2,577,107,171,429.04
10.2,593,391,262,0.0
10.2,550,158,159,115.34
10.2,580,607,193,145.4
10.2,594,345,288,0.0
10.2,587,579,179,115.34
10.2,580,624,206,145.4
10.2,506,254,151,27.0
10.2,595,428,182,0.0
10.2,586,355,218,311.67
10.2,580,646,226,145.4
10.2,596,343,419,0.0
10.2,597,235,408,0.0
10.2,598,36,141,0.0
10.2,580,656,222,145.4
10.3,596,329,439,329.58
10.3,546,40,197,172.88
10.3,577,94,176,188.03
10.3,599,316,351,0.0
10.3,600,689,398,0.0
10.3,550,142,161,339.92
10.3,601,11,222,0.0
10.3,602,630,314,0.0
10.3,594,377,301,466.29
10.3,580,638,241,152.74
10.3,603,334,253,0.0
10.3,598,14,158,375.34
10.3,580,620,215,152.74
10.3,550,167,158,339.92
10.3,587,593,192,257.92
10.3,595,420,199,253.64
10.3,604,677,267,0.0
10.3,605,211,155,0.0
10.3,506,236,147,248.93
10.3,580,612,207,152.74
10.4,606,281,430,0.0
10.4,607,653,371,0.0
10.4,546,46,194,465.51
10.4,546,16,211,465.51
10.4,577,122,171,431.37
10.4,608,701,332,0.0
10.4,609,80,184,0.0
10.4,604,647,283,459.0
10.4,599,342,353,352.04
10.4,580,610,211,60.37
10.4,550,191,155,408.58
10.4,610,636,238,0.0
10.4,577,152,160,431.37
10.4,595,402,222,394.28
10.4,598,23,156,124.46
10.4,611,412,182,460.78
10.4,550,214,155,408.58
10.4,550,244,151,408.58
10.4,611,441,164,460.78
10.4,587,593,177,202.5
10.4,612,63,147,0.0
10.5,613,704,443,0.0
10.5,609,73,179,116.13
10.5,546,31,196,381.84
10.5,614,666,338,0.0
10.5,580,628,239,449.37
10.5,615,730,402,0.0
10.5,606,311,417,441.39
10.5,577,125,171,413.02
10.5,546,11,216,381.84
10.5,616,232,483,0.0
10.5,617,183,157,85.38
10.5,604,659,280,166.99
10.5,577,155,165,413.02
10.5,595,396,208,449.37
10.5,617,207,155,85.38
10.5,587,607,191,267.29
10.5,618,378,245,216.42
10.5,598,16,156,94.5
10.5,595,424,190,449.37
10.5,550,236,154,115.34
10.5,599,349,376,324.56
10.5,617,201,157,85.38
10.5,618,377,261,216.42
10.6,613,709,423,278.31
10.6,614,686,334,275.35
10.6,577,137,162,344.98
10.6,604,655,279,55.66
10.6,619,782,470,0.0
10.6,617,188,159,177.56
10.6,577,115,175,344.98
10.6,618,360,284,386.11
10.6,546,9,194,162.56
10.6,620,331,335,0.0
10.6,580,623,213,357.43
10.6,621,384,233,0.0
10.6,606,310,430,176.02
10.6,550,224,154,162.0
10.6,609,54,165,318.61
10.6,546,8,206,162.56
10.6,622,271,476,0.0
10.6,595,416,189,108.84
10.6,587,593,187,196.56
10.7,613,719,415,172.88
10.7,614,674,330,170.76
10.7,620,344,329,193.29
10.7,617,193,154,278.31
10.7,618,366,262,307.85
10.7,550,230,153,248.93
10.7,617,174,162,278.31
10.7,623,656,242,0.0
10.7,580,607,203,231.08
10.7,580,611,232,231.08
10.7,606,281,426,395.21
10.7,619,761,489,382.31
10.7,595,423,188,95.46
10.7,580,594,234,231.08
10.7,550,258,150,248.93
10.7,624,5,243,0.0
10.7,550,276,146,248.93
10.7,621,400,239,230.69
10.8,625,326,401,0.0
10.8,626,69,186,0.0
10.8,613,695,407,341.53
10.8,620,346,301,378.96
10.8,595,433,207,289.86
10.8,624,7,217,352.04
10.8,627,683,290,0.0
10.8,628,629,268,0.0
10.8,623,625,227,464.92
10.8,619,767,483,114.55
10.8,629,235,481,0.0
10.8,630,215,155,246.35
10.8,618,381,265,206.51
10.8,630,233,152,246.35
10.8,631,18,160,0.0
10.8,632,423,167,0.0
10.8,621,389,226,216.0
10.8,621,389,210,216.0
10.9,633,319,364,0.0
10.9,634,641,324,0.0
10.9,626,63,191,210.88
10.9,635,710,365,0.0
10.9,636,140,161,0.0
10.9,637,413,236,0.0
10.9,638,279,467,0.0
10.9,628,630,260,108.84
10.9,626,73,179,210.88
10.9,619,743,479,328.47
10.9,618,380,273,108.84
10.9,631,26,187,380.16
10.9,620,359,300,257.92
10.9,595,409,185,439.53
10.9,639,540,165,0.0
10.9,640,361,235,0.0
10.9,630,253,152,270.0
10.9,641,577,171,0.0
10.9,620,357,319,257.92
11.0,631,40,195,217.68
11.0,634,635,309,218.1
11.0,619,739,448,421.97
11.0,642,681,413,0.0
11.0,638,259,441,442.83
11.0,636,144,165,76.37
11.0,620,369,312,187.55
11.0,643,184,152,0.0
11.0,644,336,278,0.0
11.0,645,318,421,0.0
11.0,618,384,261,170.76
11.0,637,392,217,382.31
11.0,633,321,360,60.37
11.0,646,9,153,0.0
11.0,595,433,183,398.65
11.0,647,624,208,0.0
11.0,595,447,157,398.65
11.1,648,653,385,0.0
11.1,633,327,367,124.46
11.1,638,279,452,308.14
11.1,631,24,206,262.12
11.1,649,56,190,0.0
11.1,636,117,169,368.48
11.1,643,202,156,320.89
11.1,637,423,205,448.76
11.1,650,626,269,0.0
11.1,618,369,247,277.0
11.1,620,366,310,351.0
11.1,643,225,150,320.89
11.1,620,342,320,351.0
11.1,647,607,185,386.11
11.1,651,50,150,0.0
11.1,595,437,167,190.92
11.1,646,10,157,55.66
11.2,631,36,200,181.12
11.2,638,295,447,226.3
11.2,652,181,157,0.0
11.2,636,92,176,350.48
11.2,637,414,235,422.83
11.2,633,307,394,453.61
11.2,653,712,455,0.0
11.2,654,642,321,0.0
11.2,655,345,361,0.0
11.2,656,132,166,0.0
11.2,595,435,178,150.93
11.2,657,642,229,0.0
11.2,658,680,419,0.0
11.2,659,267,149,0.0
11.2,660,344,279,0.0
11.2,661,399,192,0.0
11.2,662,398,155,0.0
11.3,658,675,401,252.2
11.3,638,310,435,259.33
11.3,631,18,213,420.46
11.3,636,114,173,299.75
11.3,652,160,161,288.6
11.3,631,39,190,420.46
11.3,663,404,273,0.0
11.3,664,251,472,0.0
11.3,654,640,290,419.37
11.3,655,320,341,432.21
11.3,665,374,221,0.0
11.3,595,410,193,467.85
11.3,666,203,155,0.0
11.3,660,344,284,67.5
11.3,595,435,169,467.85
11.3,657,634,222,143.51
11.4,631,43,192,60.37
11.4,667,257,422,0.0
11.4,668,660,365,0.0
11.4,669,375,322,0.0
11.4,654,614,300,376.07
11.4,636,89,180,344.18
11.4,652,177,159,231.08
11.4,670,142,164,0.0
11.4,665,402,216,383.98
11.4,636,112,169,344.18
11.4,671,698,450,0.0
11.4,672,645,261,0.0
11.4,666,212,155,121.5
11.4,673,305,373,0.0
11.4,674,15,158,0.0
11.4,655,308,351,210.88
11.4,660,365,262,410.59
11.4,675,247,153,0.0
11.4,595,424,179,200.69
11.4,657,659,239,408.14
11.4,676,78,143,0.0
11.5,671,688,444,157.44
11.5,668,657,349,219.76
11.5,677,347,385,0.0
11.5,667,243,446,375.1
11.5,636,121,168,122.25
11.5,631,30,190,177.56
11.5,652,168,161,124.46
11.5,676,56,156,344.98
11.5,666,206,155,81.0
11.5,665,427,196,432.21
11.5,660,382,246,423.91
11.5,669,351,310,362.24
11.5,660,363,271,423.91
11.5,675,249,152,297.31
11.5,678,651,307,0.0
11.5,672,650,293,442.22
11.5,675,271,151,297.31
11.5,672,643,261,442.22
11.5,674,12,150,115.34
11.6,679,322,448,0.0
11.6,671,707,423,382.31
11.6,631,54,184,333.97
11.6,677,313,386,459.2
11.6,652,172,158,67.5
11.6,665,435,218,316.03
11.6,668,660,336,180.11
11.6,680,339,349,0.0
11.6,636,95,166,352.04
11.6,681,682,377,0.0
11.6,660,355,283,194.7
11.6,674,12,161,148.5
11.6,666,214,155,423.91
11.6,675,275,152,55.66
11.6,666,245,150,423.91
11.6,682,368,231,0.0
11.6,683,393,183,0.0
11.6,684,4,236,0.0
11.6,669,339,328,292.05
11.6,685,445,163,0.0
11.7,671,690,400,386.11
11.7,686,736,440,0.0
11.7,680,341,337,164.23
11.7,631,56,184,27.0
11.7,687,274,452,0.0
11.7,665,428,250,442.22
11.7,652,156,156,445.3
11.7,652,124,164,445.3
11.7,679,303,425,402.74
11.7,682,373,209,304.57
11.7,666,213,155,437.24
11.7,688,766,480,0.0
11.7,660,353,275,111.32
11.7,685,446,173,135.67
11.7,675,248,151,364.75
11.8,679,312,415,181.62
11.8,686,727,456,247.83
11.8,689,416,293,0.0
11.8,680,324,329,253.64
11.8,652,131,163,95.46
11.8,631,28,186,378.96
11.8,690,246,477,0.0
11.8,660,353,243,432.0
11.8,666,183,155,462.17
11.8,685,441,189,226.3
11.8,666,215,154,462.17
11.8,666,249,150,462.17
11.8,665,408,224,442.83
11.8,682,392,187,392.43
11.8,691,591,164,0.0
11.9,692,389,346,0.0
11.9,679,302,420,150.93
11.9,689,398,270,394.28
11.9,680,327,296,447.34
11.9,693,613,228,0.0
11.9,685,423,207,333.43
11.9,631,26,193,98.28
11.9,690,250,474,67.5
11.9,694,189,153,0.0
11.9,665,377,215,435.78
11.9,691,589,176,164.23
11.9,695,697,350,0.0
11.9,685,436,186,333.43
11.9,696,629,187,0.0
11.9,666,232,150,229.5
11.9,697,576,329,0.0
12.0,698,360,423,0.0
12.0,699,298,363,0.0
12.0,700,628,264,0.0
12.0,631,14,214,326.52
12.0,692,371,324,383.74
12.0,701,90,165,0.0
12.0,691,597,188,194.7
12.0,702,411,232,0.0
12.0,693,638,216,374.37
12.0,665,364,242,404.55
12.0,685,428,203,253.64
12.0,703,602,403,0.0
12.0,666,226,151,82.12
12.1,704,329,404,0.0
12.1,705,654,307,0.0
12.1,706,262,441,0.0
12.1,631,39,193,440.77
12.1,701,88,180,204.29
12.1,692,365,299,347.08
12.1,700,649,241,420.46
12.1,707,398,265,0.0
12.1,702,414,224,115.34
12.1,691,613,209,356.41
12.1,708,163,152,0.0
12.1,709,5,225,0.0
12.1,685,442,186,297.31
12.1,666,257,150,418.72
12.2,710,671,363,0.0
12.2,711,336,348,0.0
12.2,705,665,280,393.59
12.2,700,623,237,355.13
12.2,701,120,168,461.38
12.2,692,380,306,223.46
12.2,708,164,162,135.67
12.2,706,289,452,393.59
12.2,707,408,259,157.44
12.2,631,41,188,72.7
12.2,702,428,204,329.58
12.2,712,82,181,0.0
12.2,713,383,221,0.0
12.2,714,211,149,0.0
12.3,715,704,437,0.0
12.3,716,292,416,0.0
12.3,710,686,333,452.8
12.3,692,390,300,157.44
12.3,711,349,355,199.33
12.3,708,176,157,175.5
12.3,631,33,161,393.59
12.3,702,433,227,317.75
12.3,631,18,186,393.59
12.3,705,632,278,446.32
12.3,714,213,155,85.38
12.3,701,119,165,42.69
12.3,717,248,149,0.0
12.3,718,366,261,0.0
12.3,719,5,227,0.0
12.4,716,304,425,202.5
12.4,720,726,405,0.0
12.4,711,363,347,217.68
12.4,631,13,217,423.91
12.4,708,178,154,48.67
12.4,721,57,180,0.0
12.4,722,651,331,0.0
12.4,718,391,259,338.58
12.4,723,235,472,0.0
12.4,724,444,179,0.0
12.4,714,226,153,355.13
12.4,702,446,205,344.98
12.4,714,255,151,355.13
12.4,725,350,288,0.0
12.4,714,281,147,355.13
12.5,726,682,396,0.0
12.5,721,43,198,307.85
12.5,727,343,415,0.0
12.5,728,287,477,0.0
12.5,729,782,470,0.0
12.5,724,430,205,398.65
12.5,725,371,296,303.37
12.5,631,7,224,124.46
12.5,730,325,362,0.0
12.5,731,224,151,0.0
12.5,732,16,158,0.0
12.5,733,683,285,0.0
12.5,734,129,162,0.0
12.5,735,331,145,0.0
12.5,714,303,138,320.89
12.5,736,265,151,0.0
12.6,737,708,454,0.0
12.6,721,27,205,235.77
12.6,738,707,359,0.0
12.6,739,353,339,0.0
12.6,740,290,430,0.0
12.6,741,60,193,191.87
12.6,734,126,173,153.92
12.6,728,310,472,317.75
12.6,731,258,151,459.0
12.6,741,69,182,191.87
12.6,730,295,376,446.93
12.6,732,11,157,68.84
12.6,724,415,236,464.92
12.6,742,179,154,0.0
12.6,743,445,170,0.0
12.7,730,317,391,359.47
12.7,744,237,458,0.0
12.7,742,185,159,105.44
12.7,741,89,178,235.77
12.7,734,136,169,145.4
12.7,745,567,177,0.0
12.7,721,34,189,235.77
12.7,724,414,263,278.31
12.7,737,734,432,459.79
12.7,741,73,185,235.77
12.7,746,7,227,0.0
12.7,743,448,184,193.29
12.7,747,391,210,0.0
12.7,731,232,150,351.26
12.7,724,395,271,278.31
12.8,741,70,185,445.7
12.8,744,268,454,421.97
12.8,721,16,162,438.07
12.8,745,592,191,376.07
12.8,741,97,166,445.7
12.8,742,152,165,471.53
12.8,731,225,153,102.81
12.8,724,403,286,337.5
12.8,747,377,231,340.72
12.8,742,186,157,471.53
12.8,743,441,200,235.77
12.8,724,383,301,337.5
12.8,734,141,165,86.44
12.8,748,330,321,0.0
12.8,745,582,165,376.07
12.9,749,54,188,0.0
12.9,724,399,314,278.31
12.9,734,132,165,376.07
12.9,750,316,397,0.0
12.9,751,534,228,0.0
12.9,752,12,219,0.0
12.9,753,624,206,0.0
12.9,748,353,337,378.24
12.9,754,412,227,0.0
12.9,747,367,253,326.24
12.9,755,278,336,0.0
12.9,744,244,437,397.05
12.9,742,200,157,391.5
12.9,742,224,151,391.5
12.9,742,253,151,391.5
12.9,721,10,168,354.36
12.9,756,608,337,0.0
12.9,734,158,155,376.07
12.9,721,30,151,354.36
12.9,741,71,156,376.07
12.9,743,418,190,338.58
12.9,745,589,156,153.92
13.0,757,610,271,0.0
13.0,748,375,355,383.74
13.0,758,649,371,470.18
13.0,759,275,458,0.0
13.0,734,179,157,384.22
13.0,752,16,214,418.72
13.0,760,123,166,0.0
13.0,750,331,390,223.46
13.0,749,79,182,347.08
13.0,761,643,450,0.0
13.0,754,404,248,303.37
13.0,758,676,393,470.18
13.0,762,355,288,0.0
13.0,744,256,406,448.76
13.0,752,27,185,418.72
13.0,763,580,190,0.0
13.0,743,417,209,256.86
13.0,721,55,147,341.79
13.0,764,845,428,0.0
13.0,734,206,148,384.22
13.1,761,666,438,350.22
13.1,752,16,208,344.18
13.1,759,271,444,196.56
13.1,765,652,330,0.0
13.1,766,745,464,0.0
13.1,754,389,279,464.92
13.1,721,44,179,456.81
13.1,750,341,414,351.0
13.1,767,340,337,0.0
13.1,734,174,155,333.43
13.1,734,151,164,333.43
13.1,768,216,155,420.46
13.1,769,195,479,0.0
13.1,749,89,180,137.67
13.1,763,590,206,406.12
13.1,770,408,243,0.0
13.1,760,91,165,432.21
13.1,771,524,159,0.0
13.1,768,241,145,420.46
13.1,772,634,218,0.0
13.1,763,582,177,406.12
13.1,773,285,143,0.0
13.1,743,418,199,135.67
13.1,768,272,148,420.46
13.2,774,370,318,0.0
13.2,750,323,410,248.93
13.2,775,675,402,0.0
13.2,759,293,462,383.74
13.2,734,126,161,339.92
13.2,772,601,229,469.6
13.2,776,656,284,181.62
13.2,777,206,155,180.11
13.2,778,161,154,0.0
13.2,754,391,271,111.32
13.2,763,589,190,199.33
13.2,768,257,151,206.51
13.2,776,647,274,181.62
13.2,777,219,152,180.11
13.2,770,395,229,238.84
13.2,770,407,216,238.84
13.3,779,653,354,0.0
13.3,780,348,379,0.0
13.3,759,295,466,60.37
13.3,781,31,194,0.0
13.3,772,617,256,423.69
13.3,782,689,273,0.0
13.3,783,737,458,0.0
13.3,776,661,294,329.58
13.3,774,357,313,200.69
13.3,763,611,215,303.37
13.3,763,592,203,303.37
13.3,778,183,151,299.75
13.3,784,30,159,0.0
13.3,754,409,242,429.67
13.3,754,387,265,429.67
13.3,734,122,162,55.66
13.3,774,370,299,200.69
13.3,774,381,289,200.69
13.3,770,380,224,380.16
13.3,777,244,149,339.92
13.3,785,295,118,0.0
13.4,786,688,436,0.0
13.4,759,317,449,375.34
13.4,781,40,199,138.99
13.4,734,101,169,298.84
13.4,780,319,386,402.74
13.4,787,703,314,0.0
13.4,788,626,292,0.0
13.4,779,675,368,352.04
13.4,774,403,277,338.31
13.4,789,342,343,383.74
13.4,789,358,312,383.74
13.4,790,514,161,0.0
13.4,772,609,229,273.35
13.4,791,416,179,459.0
13.4,772,628,236,273.35
13.4,770,384,210,196.56
13.4,792,457,162,0.0
13.4,789,336,330,383.74
13.4,782,673,250,378.24
13.4,791,450,179,459.0
13.4,793,357,240,0.0
13.4,794,4,219,0.0
13.5,795,721,456,0.0
13.5,796,713,382,0.0
13.5,797,631,343,0.0
13.5,781,27,193,193.29
13.5,734,119,174,252.2
13.5,798,68,180,0.0
13.5,789,363,325,370.7
13.5,780,318,369,229.9
13.5,799,168,157,0.0
13.5,791,463,171,382.31
13.5,772,649,235,283.82
13.5,759,309,432,253.64
13.5,787,679,298,389.4
13.5,788,627,279,176.02
13.5,793,379,249,320.89
13.5,800,329,286,0.0
13.5,801,291,463,0.0
13.5,770,407,190,411.47
13.5,791,444,192,382.31
13.6,802,638,425,0.0
13.6,795,735,459,193.29
13.6,796,684,373,409.92
13.6,780,305,390,333.43
13.6,781,33,194,356.67
13.6,759,291,456,405.0
13.6,797,637,332,169.15
13.6,799,175,159,98.28
13.6,800,346,294,253.64
13.6,734,138,161,310.79
13.6,781,10,207,356.67
13.6,791,437,209,413.02
13.6,798,90,167,344.98
13.6,803,327,358,0.0
13.6,791,443,179,413.02
13.6,787,665,280,307.85
13.6,793,378,219,405.22
13.6,804,215,152,0.0
13.7,803,306,347,320.04
13.7,805,690,330,0.0
13.7,806,251,460,0.0
13.7,781,37,192,416.97
13.7,807,697,460,0.0
13.7,796,676,406,458.4
13.7,734,122,169,241.5
13.7,759,298,437,273.35
13.7,808,653,371,0.0
13.7,798,77,178,229.9
13.7,793,360,246,438.07
13.7,791,432,192,229.9
13.7,809,425,236,0.0
13.7,799,190,155,445.5
13.7,810,26,150,0.0
13.7,799,157,155,445.5
13.7,800,349,266,380.16
13.7,804,214,155,42.69
13.8,806,251,428,432.0
13.8,811,711,399,0.0
13.8,812,354,403,0.0
13.8,781,33,159,448.76
13.8,807,691,452,135.0
13.8,813,12,212,0.0
13.8,799,179,158,397.28
13.8,800,332,282,315.16
13.8,734,111,170,397.28
13.8,791,427,216,330.96
13.8,814,392,270,231.08
13.8,799,150,163,397.28
13.8,803,308,330,153.92
13.8,814,409,272,231.08
13.8,815,733,483,0.0
13.8,803,317,323,153.92
13.8,734,140,165,397.28
13.9,813,24,205,187.55
13.9,803,313,351,381.84
13.9,806,263,427,162.56
13.9,816,288,467,0.0
13.9,799,153,159,67.5
13.9,817,77,178,0.0
13.9,781,22,163,158.01
13.9,791,405,240,439.53
13.9,818,220,154,363.5
13.9,819,386,313,0.0
13.9,815,755,478,304.57
13.9,820,434,206,0.0
13.9,818,246,147,363.5
13.9,821,438,162,0.0
13.9,822,358,256,0.0
13.9,823,195,156,0.0
14.0,806,281,424,246.35
14.0,817,58,187,416.75
14.0,824,358,377,0.0
14.0,822,385,276,453.61
14.0,825,329,309,0.0
14.0,799,143,162,140.94
14.0,823,209,154,190.92
14.0,781,16,164,82.12
14.0,817,86,174,416.75
14.0,791,419,230,470.95
14.0,818,250,151,76.37
14.0,791,435,199,470.95
14.0,826,64,146,0.0
14.1,827,302,452,0.0
14.1,799,143,166,54.0
14.1,828,303,389,0.0
14.1,825,356,324,416.97
14.1,781,26,196,455.41
14.1,823,198,154,148.5
14.1,817,110,157,397.05
14.1,791,422,219,322.03
14.1,826,57,159,199.33
14.1,822,399,264,248.93
14.1,781,59,189,455.41
14.1,829,363,271,0.0
14.1,818,244,152,82.12
14.1,830,549,187,0.0
14.1,831,386,213,0.0
14.2,828,327,408,413.24
14.2,832,616,447,0.0
14.2,823,191,157,102.81
14.2,781,35,188,324.28
14.2,817,95,168,251.11
14.2,825,342,329,200.69
14.2,833,252,476,0.0
14.2,834,381,307,0.0
14.2,791,414,247,465.51
14.2,818,233,151,149.11
14.2,791,381,257,465.51
14.2,830,556,194,133.64
14.2,835,645,228,0.0
14.2,831,394,207,135.0
14.3,828,307,403,278.31
14.3,781,54,174,318.61
14.3,836,375,368,0.0
14.3,817,113,165,246.35
14.3,837,16,200,0.0
14.3,823,169,156,297.31
14.3,818,227,154,90.56
14.3,834,402,287,391.5
14.3,833,275,483,324.56
14.3,791,386,241,226.3
14.3,830,559,210,219.76
14.3,838,438,173,0.0
14.3,825,359,306,143.51
14.3,839,262,150,0.0
14.3,831,408,198,224.68
14.3,825,366,298,143.51
14.3,840,308,142,0.0
14.4,841,359,440,0.0
14.4,817,90,171,471.53
14.4,781,60,184,157.44
14.4,828,324,381,375.34
14.4,837,25,195,138.99
14.4,834,394,304,253.64
14.4,836,382,350,260.73
14.4,817,122,157,471.53
14.4,842,315,285,0.0
14.4,843,232,467,0.0
14.4,844,589,303,0.0
14.4,845,635,238,0.0
14.4,791,395,220,308.44
14.4,839,262,151,13.5
14.4,823,170,153,42.69
14.4,846,520,160,0.0
14.4,818,216,153,149.11
14.4,838,437,187,189.48
14.5,781,44,188,222.65
14.5,841,328,434,426.27
14.5,843,264,464,433.89
14.5,847,662,293,0.0
14.5,848,370,271,0.0
14.5,844,581,274,406.12
14.5,817,100,166,320.89
14.5,836,365,380,465.51
14.5,849,301,350,0.0
14.5,850,7,235,0.0
14.5,823,159,157,218.1
14.5,838,428,200,213.45
14.5,823,144,163,218.1
14.5,851,591,387,0.0
14.5,791,401,215,105.44
14.5,852,178,152,0.0
14.5,853,557,172,0.0
14.5,839,249,145,193.29
14.5,818,213,147,90.56
14.5,854,310,144,0.0
14.6,781,72,186,378.96
14.6,855,686,381,0.0
14.6,856,603,336,0.0
14.6,857,713,466,0.0
14.6,817,123,165,310.79
14.6,841,311,448,297.31
14.6,849,329,344,386.58
14.6,823,163,154,298.22
14.6,843,249,437,416.97
14.6,848,377,277,124.46
14.6,791,395,234,268.99
14.6,839,219,151,415.88
14.6,838,412,216,305.47
14.6,853,561,184,194.7
14.6,854,277,147,447.34
14.6,858,445,173,0.0
14.6,853,569,196,194.7
14.6,839,249,144,415.88
14.6,823,185,152,298.22
14.7,859,282,422,0.0
14.7,849,346,326,334.24
14.7,860,629,435,0.0
14.7,817,147,165,324.0
14.7,857,708,451,213.45
14.7,823,184,156,383.98
14.7,781,41,193,397.05
14.7,781,23,204,397.05
14.7,848,373,278,55.66
14.7,781,6,228,397.05
14.7,791,396,240,199.33
14.7,861,70,171,0.0
14.7,853,562,195,95.46
14.7,838,429,188,442.22
14.7,791,407,213,199.33
14.7,854,305,141,386.58
14.7,791,400,226,199.33
14.7,823,212,151,383.98
14.8,859,293,421,149.11
14.8,849,334,343,280.92
14.8,861,66,186,209.58
14.8,848,388,283,213.45
14.8,817,129,171,389.4
14.8,781,10,218,145.4
14.8,823,204,157,408.58
14.8,862,32,156,0.0
14.8,863,227,479,0.0
14.8,853,582,220,181.62
14.8,817,153,155,389.4
14.8,853,572,211,181.62
14.8,823,234,153,408.58
14.8,864,577,364,0.0
14.8,791,414,203,428.82
14.8,791,399,231,428.82
14.8,865,397,164,0.0
14.9,859,272,439,373.39
14.9,849,349,353,243.37
14.9,861,76,181,150.93
14.9,817,142,166,367.24
14.9,866,618,323,0.0
14.9,862,21,165,191.87
14.9,867,593,447,0.0
14.9,868,614,235,162.56
14.9,848,375,297,452.8
14.9,848,381,264,452.8
14.9,781,7,229,153.92
14.9,869,611,284,0.0
14.9,853,586,186,386.82
14.9,791,406,222,176.02
14.9,868,622,244,162.56
14.9,870,624,190,0.0
14.9,871,182,158,0.0
14.9,823,213,147,191.87
14.9,791,395,229,176.02
14.9,823,202,156,191.87
14.9,817,168,158,367.24
15.0,872,674,404,0.0
15.0,873,319,392,0.0
15.0,862,31,196,439.74
15.0,817,198,156,405.9
15.0,866,641,337,363.5
15.0,874,145,160,0.0
15.0,875,311,447,0.0
15.0,861,82,179,371.43
15.0,848,395,246,412.14
15.0,849,356,323,415.88
15.0,868,618,269,341.79
15.0,876,653,281,0.0
15.0,877,14,152,0.0
15.0,870,636,217,398.88
15.0,848,375,268,412.14
15.0,878,242,150,0.0
15.0,879,467,204,0.0
15.0,880,342,290,0.0
15.0,861,73,153,371.43
15.0,848,376,254,412.14
15.0,881,843,435,0.0
15.0,882,389,190,0.0
15.0,848,350,270,412.14
15.1,873,306,409,288.91
15.1,861,102,170,453.81
15.1,872,674,431,364.5
15.1,883,681,343,0.0
15.1,866,619,313,439.53
15.1,874,156,161,149.11
15.1,862,25,162,138.99
15.1,870,605,221,421.97
15.1,884,324,347,0.0
15.1,817,200,154,38.18
15.1,849,349,318,116.13
15.1,885,733,485,0.0
15.1,878,237,152,447.34
15.1,878,270,149,447.34
15.1,848,372,279,320.89
15.1,876,658,260,324.56
15.1,886,257,489,0.0
15.1,879,445,221,375.34
15.1,862,34,157,138.99
15.1,887,371,221,0.0
15.1,876,651,237,324.56
15.1,888,69,148,0.0
15.2,889,720,434,0.0
15.2,873,295,404,163.12
15.2,874,163,158,102.81
15.2,890,360,352,0.0
15.2,891,642,382,0.0
15.2,892,63,183,0.0
15.2,886,263,458,426.27
15.2,883,670,322,320.04
15.2,866,640,291,410.59
15.2,848,351,257,410.59
15.2,817,210,155,410.59
15.2,817,240,150,410.59
15.2,861,109,155,445.5
15.2,876,635,253,305.47
15.2,861,76,155,445.5
15.3,886,291,444,422.62
15.3,874,153,161,140.94
15.3,893,702,400,0.0
15.3,891,653,355,393.59
15.3,894,698,469,0.0
15.3,895,10,170,0.0
15.3,817,219,154,333.43
15.3,896,392,288,0.0
15.3,897,331,317,0.0
15.3,883,651,306,335.33
15.3,898,222,490,0.0
15.3,817,240,141,333.43
15.3,899,349,131,0.0
15.4,894,717,446,402.74
15.4,900,65,159,0.0
15.4,901,370,350,0.0
15.4,891,662,387,448.76
15.4,902,262,400,0.0
15.4,874,165,158,166.99
15.4,903,429,180,0.0
15.4,817,211,153,423.69
15.4,904,738,479,0.0
15.4,905,366,230,0.0
15.4,906,257,152,42.69
15.4,906,258,155,42.69
15.5,907,318,426,0.0
15.5,894,692,457,368.73
15.5,908,123,155,0.0
15.5,905,396,223,415.88
15.5,909,210,469,0.0
15.5,910,349,311,0.0
15.5,817,201,162,181.62
15.5,903,419,187,164.79
15.5,900,65,170,148.5
15.5,906,254,149,97.35
15.5,911,579,163,0.0
15.6,912,24,158,0.0
15.6,913,392,264,0.0
15.6,914,315,383,0.0
15.6,905,412,212,368.48
15.6,915,160,150,0.0
15.6,911,563,174,262.12
15.6,817,235,165,460.78
15.6,905,385,216,368.48
15.6,916,609,176,0.0
15.6,910,346,289,299.75
15.6,917,606,219,0.0
15.7,918,374,311,0.0
15.7,912,19,164,105.44
15.7,919,89,153,0.0
15.7,920,621,287,0.0
15.7,911,565,183,124.46
15.7,914,332,375,450.58
15.7,910,354,255,471.53
15.7,913,399,236,389.63
15.7,921,654,302,0.0
15.7,915,162,153,48.67
15.7,922,249,414,0.0
15.7,916,622,206,441.39
15.7,914,365,380,450.58
15.7,923,573,144,0.0
15.8,914,335,390,426.91
15.8,924,703,399,0.0
15.8,919,88,170,229.9
15.8,925,320,305,0.0
15.8,911,568,196,180.11
15.8,926,244,464,0.0
15.8,927,635,346,0.0
15.8,910,370,270,296.39
15.8,915,148,152,189.48
15.8,928,645,238,254.72
15.8,910,381,251,296.39
15.8,928,655,254,254.72
15.8,916,626,225,262.12
15.8,929,599,170,0.0
15.8,930,751,483,0.0
15.9,931,280,384,0.0
15.9,911,572,217,288.6
15.9,932,362,331,0.0
15.9,915,175,156,368.48
15.9,924,693,425,376.07
15.9,930,742,461,320.89
15.9,926,273,472,406.12
15.9,933,666,319,459.0
15.9,933,650,289,459.0
15.9,934,134,157,0.0
15.9,929,611,182,229.1
15.9,910,367,281,132.96
15.9,935,458,175,0.0
15.9,936,569,168,0.0
15.9,937,718,349,0.0
15.9,910,363,272,132.96
15.9,928,635,248,281.89
16.0,911,579,244,376.55
16.0,938,309,423,0.0
16.0,939,339,361,0.0
16.0,924,706,424,176.02
16.0,940,665,361,0.0
16.0,941,214,467,0.0
16.0,929,624,201,310.79
16.0,915,182,159,102.81
16.0,942,229,152,0.0
16.0,936,574,178,150.93
16.0,943,783,461,0.0
16.0,944,420,257,0.0
16.0,935,433,199,135.0
16.0,935,428,174,135.0
16.0,935,428,164,135.0
16.0,933,643,312,324.56
16.1,945,279,451,0.0
16.1,924,729,446,429.67
16.1,946,589,282,0.0
16.1,947,676,411,0.0
16.1,929,634,228,388.7
16.1,936,585,190,219.76
16.1,948,406,220,0.0
16.1,942,223,164,181.12
16.1,949,19,187,326.52
16.1,950,268,154,392.43
16.1,949,16,211,326.52
16.1,940,653,360,162.56
16.1,943,784,493,432.21
16.1,950,279,131,392.43
16.1,935,418,175,200.69
16.1,950,266,157,392.43
16.2,951,53,188,94.5
16.2,952,602,338,0.0
16.2,936,594,204,224.68
16.2,924,718,441,163.12
16.2,929,636,259,419.37
16.2,953,701,380,0.0
16.2,949,14,206,72.7
16.2,954,509,166,0.0
16.2,955,92,174,0.0
16.2,948,413,199,416.75
16.2,956,384,229,0.0
16.2,951,39,157,94.5
16.2,948,385,212,416.75
16.2,957,342,370,0.0
16.2,958,722,484,0.0
16.2,951,39,150,94.5
16.3,959,636,421,0.0
16.3,960,649,303,0.0
16.3,936,614,226,401.38
16.3,961,356,295,394.28
16.3,958,747,463,440.77
16.3,962,145,163,291.42
16.3,955,92,167,94.5
16.3,962,166,158,291.42
16.3,948,405,225,322.03
16.3,961,374,272,394.28
16.3,963,290,342,0.0
16.3,956,377,257,393.59
16.3,956,366,230,393.59
16.4,964,668,366,0.0
16.4,965,320,364,0.0
16.4,966,632,260,0.0
16.4,955,80,172,175.5
16.4,967,37,194,0.0
16.4,968,231,463,0.0
16.4,962,172,155,90.56
16.4,969,130,154,0.0
16.4,970,358,325,0.0
16.4,971,213,155,426.91
16.4,961,387,254,442.22
16.4,971,231,153,426.91
16.4,961,359,271,442.22
16.4,972,537,160,0.0
16.4,973,20,153,0.0
16.4,974,677,491,0.0
16.4,948,388,246,364.75
16.4,975,491,161,0.0
16.4,971,257,135,426.91
16.5,976,700,447,0.0
16.5,977,644,312,0.0
16.5,968,256,451,374.37
16.5,978,304,413,0.0
16.5,965,330,355,181.62
16.5,970,376,318,260.73
16.5,975,491,158,40.5
16.5,969,134,166,170.76
16.5,955,60,174,271.35
16.5,979,7,234,0.0
16.5,972,540,159,42.69
16.5,962,164,153,111.32
16.5,971,272,151,328.47
16.5,980,220,150,0.0
16.5,971,253,151,328.47
16.5,971,277,147,328.47
16.6,981,675,386,0.0
16.6,968,288,439,461.38
16.6,955,80,184,465.51
16.6,982,337,398,0.0
16.6,970,348,323,383.98
16.6,969,145,157,191.87
16.6,983,674,282,0.0
16.6,962,198,155,149.11
16.6,975,482,164,146.02
16.6,971,264,147,175.5
16.6,984,315,141,0.0
16.6,972,560,171,314.87
16.6,962,209,154,149.11
16.6,955,90,151,465.51
16.6,985,226,488,0.0
16.7,968,310,428,332.06
16.7,986,710,463,0.0
16.7,987,708,346,0.0
16.7,988,25,200,0.0
16.7,989,372,291,0.0
16.7,990,256,467,0.0
16.7,969,155,163,157.44
16.7,991,418,172,0.0
16.7,955,124,153,459.79
16.7,975,467,170,121.5
16.7,975,476,170,121.5
16.7,971,253,151,158.01
16.7,962,208,159,68.84
16.7,992,407,214,0.0
16.7,984,327,140,162.56
16.7,993,509,152,0.0
16.7,994,8,231,0.0
16.8,995,336,375,0.0
16.8,988,49,188,362.24
16.8,996,752,419,0.0
16.8,969,184,155,406.12
16.8,992,410,241,366.74
16.8,997,95,181,90.56
16.8,991,398,190,363.25
16.8,998,366,246,105.44
16.8,997,92,175,90.56
16.8,998,371,252,105.44
16.8,975,470,186,334.24
16.8,975,452,169,334.24
16.8,984,330,125,206.51
16.8,955,99,168,393.59
16.9,999,343,334,0.0
16.9,1000,579,227,332.06
16.9,1001,144,163,0.0
16.9,988,18,194,426.27
16.9,975,453,197,378.24
16.9,969,214,162,415.88
16.9,1002,359,291,0.0
16.9,991,406,205,229.5
16.9,1000,590,249,332.06
16.9,998,382,283,444.07
16.9,1003,286,431,0.0
16.9,1004,583,177,0.0
17.0,1003,304,430,243.37
17.0,975,444,216,283.82
17.0,999,349,344,157.44
17.0,1005,626,288,391.73
17.0,988,43,197,339.92
17.0,1006,432,170,0.0
17.0,1007,319,367,0.0
17.0,991,398,235,419.15
17.0,1004,593,190,420.46
17.0,1005,625,259,391.73
17.0,1002,363,273,248.93
17.0,969,206,151,183.62
17.0,1004,614,213,420.46
17.1,1008,685,357,0.0
17.1,1003,310,438,135.0
17.1,1009,638,312,0.0
17.1,1010,124,169,0.0
17.1,988,27,192,324.56
17.1,1011,731,448,0.0
17.1,1012,399,277,0.0
17.1,1006,423,186,247.83
17.1,988,10,209,324.56
17.1,975,441,247,420.46
17.1,1004,612,210,48.67
17.1,1013,668,267,0.0
17.1,999,343,346,85.38
17.1,1014,851,475,0.0
17.1,1005,634,250,171.83
17.1,1015,240,471,0.0
17.2,1016,57,173,0.0
17.2,1011,738,452,108.84
17.2,1017,663,396,0.0
17.2,999,368,344,338.58
17.2,1003,278,430,445.3
17.2,1009,620,303,271.68
17.2,1012,402,296,259.68
17.2,1004,635,231,435.36
17.2,1010,109,168,202.95
17.2,1018,192,157,0.0
17.2,1006,412,207,320.04
17.2,1019,653,327,0.0
17.2,1004,609,209,435.36
17.2,1013,680,278,219.76
17.2,1020,575,181,0.0
17.2,1004,593,181,435.36
17.2,1021,290,150,0.0
17.2,1022,437,163,0.0
17.3,1023,389,376,0.0
17.3,1003,301,445,370.7
17.3,1016,36,190,364.75
17.3,1024,658,433,0.0
17.3,1006,398,235,422.62
17.3,1010,120,155,229.9
17.3,1025,701,338,0.0
17.3,1013,646,279,459.2
17.3,1026,705,478,0.0
17.3,1017,654,365,435.78
17.3,1027,613,234,0.0
17.3,1018,168,153,328.47
17.3,1004,581,193,458.4
17.3,1028,230,151,0.0
17.3,1029,424,202,0.0
17.3,1022,427,172,181.62
17.3,1004,614,201,458.4
17.4,1016,62,186,355.13
17.4,1030,664,329,0.0
17.4,1031,388,284,0.0
17.4,1010,112,168,206.07
17.4,1032,27,159,0.0
17.4,1033,728,428,0.0
17.4,1026,738,467,469.6
17.4,1018,181,146,199.33
17.4,1034,348,475,0.0
17.4,1035,357,262,0.0
17.4,1013,632,273,181.62
17.4,1006,406,230,127.36
17.4,1029,409,186,296.08
17.4,1027,624,221,353.33
17.4,1036,266,150,0.0
17.4,1027,605,203,353.33
17.4,1013,660,272,181.62
17.4,1037,567,158,0.0
17.4,1013,651,282,181.62
17.4,1004,633,228,445.7
17.5,1038,693,410,0.0
17.5,1016,37,196,363.5
17.5,1039,352,360,0.0
17.5,1010,143,166,401.38
17.5,1040,72,181,398.88
17.5,1030,640,323,333.97
17.5,1031,384,277,108.84
17.5,1010,171,156,401.38
17.5,1006,390,214,423.91
17.5,1041,689,342,0.0
17.5,1006,415,195,423.91
17.5,1032,18,153,146.02
17.5,1027,612,233,415.88
17.5,1040,84,154,398.88
17.5,1013,641,267,408.14
17.5,1037,570,164,90.56
17.5,1013,666,250,408.14
17.5,1042,325,324,0.0
17.5,1043,226,143,0.0
17.5,1044,607,182,0.0
17.6,1039,369,346,297.31
17.6,1045,288,454,0.0
17.6,1040,107,171,386.11
17.6,1031,377,248,402.74
17.6,1010,199,153,380.16
17.6,1038,684,396,224.68
17.6,1046,726,439,0.0
17.6,1016,30,196,287.01
17.6,1016,14,210,287.01
17.6,1047,145,163,0.0
17.6,1030,664,332,346.03
17.6,1048,610,271,0.0
17.6,1027,633,224,421.97
17.6,1006,403,220,374.37
17.6,1037,577,174,164.79
17.6,1013,673,274,337.5
17.6,1049,285,396,0.0
17.6,1050,65,150,94.5
17.6,1032,30,157,170.76
17.6,1051,748,484,0.0
17.6,1027,629,193,421.97
17.6,1043,260,144,459.2
17.6,1050,65,157,94.5
17.7,1052,325,447,0.0
17.7,1053,360,296,0.0
17.7,1038,708,418,439.53
17.7,1047,164,157,268.99
17.7,1030,680,352,345.77
17.7,1054,611,321,0.0
17.7,1016,41,193,430.73
17.7,1010,205,156,433.89
17.7,1006,413,240,301.87
17.7,1040,74,181,376.07
17.7,1040,100,171,376.07
17.7,1051,745,469,206.51
17.7,1037,584,188,211.31
17.7,1031,370,245,102.81
17.7,1013,657,269,226.3
17.7,1010,237,153,433.89
17.7,1055,654,222,0.0
17.7,1050,41,149,341.53
17.7,1056,556,161,0.0
17.7,1057,603,219,0.0
17.7,1058,6,218,0.0
17.7,1059,400,188,380.16
17.7,1059,427,180,380.16
17.8,1060,318,371,0.0
17.8,1038,729,438,391.5
17.8,1016,20,214,400.93
17.8,1061,47,185,0.0
17.8,1062,625,399,0.0
17.8,1047,177,159,177.56
17.8,1053,344,310,287.01
17.8,1040,114,170,350.48
17.8,1030,678,334,244.5
17.8,1037,600,210,367.24
17.8,1010,213,154,324.28
17.8,1063,383,283,0.0
17.8,1013,682,265,341.79
17.8,1040,139,163,350.48
17.8,1059,427,190,135.0
17.8,1064,261,150,0.0
17.8,1006,382,231,418.72
17.8,1057,617,250,459.2
17.8,1006,413,230,418.72
17.8,1051,741,485,222.65
17.8,1065,514,155,0.0
17.9,1060,307,399,406.12
17.9,1037,616,240,459.0
17.9,1038,703,431,363.5
17.9,1066,87,181,0.0
17.9,1016,19,209,344.18
17.9,1016,38,192,344.18
17.9,1053,353,342,448.76
17.9,1040,123,167,222.65
17.9,1067,669,470,0.0
17.9,1068,246,455,0.0
17.9,1010,224,155,149.11
17.9,1069,345,281,0.0
17.9,1047,181,158,55.66
17.9,1006,402,249,296.39
17.9,1030,676,325,124.46
17.9,1059,416,220,431.37
17.9,1070,596,196,376.55
17.9,1071,456,159,471.53
17.9,1070,595,187,376.55
17.9,1072,30,150,0.0
17.9,1070,568,180,376.55
17.9,1063,393,280,140.94
17.9,1071,422,167,471.53
18.0,1038,703,413,243.0
18.0,1073,304,438,0.0
18.0,1016,36,196,60.37
18.0,1074,631,290,0.0
18.0,1066,116,169,423.69
18.0,1075,78,180,0.0
18.0,1076,300,360,0.0
18.0,1068,237,478,333.43
18.0,1070,572,194,196.56
18.0,1077,7,222,0.0
18.0,1047,158,164,303.37
18.0,1037,604,216,335.33
18.0,1053,352,344,313.13
18.0,1063,385,301,303.37
18.0,1059,415,214,82.12
18.0,1047,179,156,303.37
18.0,1006,389,251,177.56
18.0,1030,698,329,301.87
18.0,1037,623,232,335.33
18.0,1010,210,154,189.48
18.0,1053,375,347,313.13
18.1,1078,663,361,0.0
18.1,1016,30,200,97.35
18.1,1070,562,218,351.0
18.1,1075,63,185,213.45
18.1,1066,142,160,371.43
18.1,1073,311,436,98.28
18.1,1079,739,454,0.0
18.1,1080,102,171,0.0
18.1,1006,388,248,42.69
18.1,1037,619,249,235.77
18.1,1047,179,158,419.37
18.1,1068,247,448,426.91
18.1,1081,624,189,0.0
18.1,1063,356,317,447.13
18.1,1082,337,385,0.0
18.1,1047,198,156,419.37
18.1,1074,641,298,172.88
18.1,1059,415,201,401.38
18.1,1083,779,471,0.0
18.1,1059,435,179,401.38
18.1,1047,229,154,419.37
18.1,1084,577,163,0.0
18.2,1063,364,308,162.56
18.2,1078,662,372,149.11
18.2,1074,642,300,30.19
18.2,1085,706,441,0.0
18.2,1086,489,247,0.0
18.2,1087,282,474,0.0
18.2,1081,635,209,308.14
18.2,1075,90,174,393.59
18.2,1084,584,187,337.5
18.2,1073,295,412,389.4
18.2,1066,137,166,376.55
18.2,1088,26,157,0.0
18.2,1066,164,159,376.55
18.2,1047,203,155,351.26
18.2,1016,12,209,271.68
18.2,1059,420,190,251.11
18.2,1006,390,226,456.81
18.2,1006,371,254,456.81
18.3,1089,331,411,0.0
18.3,1078,659,377,78.72
18.3,1063,390,296,386.58
18.3,1090,649,244,0.0
18.3,1085,710,458,235.77
18.3,1016,19,208,95.46
18.3,1091,340,326,0.0
18.3,1066,148,158,216.42
18.3,1084,600,208,356.41
18.3,1047,191,156,378.24
18.3,1092,412,225,0.0
18.3,1047,216,154,378.24
18.3,1006,338,265,469.6
18.3,1059,400,192,271.35
18.3,1075,70,175,270.34
18.3,1047,244,153,378.24
18.3,1093,299,119,0.0
18.4,1075,75,177,72.7
18.4,1094,671,302,0.0
18.4,1095,278,439,0.0
18.4,1085,690,464,281.89
18.4,1096,326,372,0.0
18.4,1063,394,273,315.16
18.4,1090,621,243,378.24
18.4,1097,198,150,0.0
18.4,1098,20,163,0.0
18.4,1059,432,181,456.81
18.4,1066,141,159,95.46
18.4,1084,569,212,421.97
18.4,1092,384,221,381.84
18.4,1099,517,150,0.0
18.4,1100,52,148,0.0
18.4,1091,328,314,229.1
18.4,1047,231,151,259.68
18.4,1047,250,148,259.68
18.5,1101,726,395,0.0
18.5,1095,305,438,364.75
18.5,1096,341,341,464.92
18.5,1066,146,162,78.72
18.5,1094,640,297,423.91
18.5,1102,23,210,0.0
18.5,1075,66,159,271.68
18.5,1103,256,462,0.0
18.5,1084,577,246,471.53
18.5,1104,357,270,0.0
18.5,1059,420,199,292.05
18.5,1105,105,153,0.0
18.5,1092,388,237,222.65
18.5,1097,231,148,446.32
18.6,1095,296,439,122.25
18.6,1106,637,388,0.0
18.6,1105,109,175,301.87
18.6,1092,394,233,97.35
18.6,1107,29,162,0.0
18.6,1108,195,156,0.0
18.6,1102,14,201,171.83
18.6,1109,307,356,0.0
18.6,1104,360,289,259.68
18.6,1059,422,210,150.93
18.6,1066,152,156,114.55
18.6,1110,595,180,0.0
18.6,1111,268,148,328.75
18.6,1112,576,297,0.0
18.6,1111,291,140,328.75
18.7,1113,54,192,0.0
18.7,1104,362,280,124.46
18.7,1109,310,379,313.13
18.7,1114,578,389,0.0
18.7,1115,671,477,0.0
18.7,1116,231,451,0.0
18.7,1105,96,166,213.45
18.7,1108,177,159,246.35
18.7,1117,236,155,0.0
18.7,1110,611,200,345.77
18.7,1092,379,241,418.72
18.7,1118,711,392,0.0
18.7,1111,290,148,108.84
18.7,1092,390,212,418.72
18.7,1095,288,441,111.32
18.7,1066,141,153,153.92
18.8,1109,317,366,199.33
18.8,1066,131,165,210.88
18.8,1119,17,204,0.0
18.8,1120,632,234,0.0
18.8,1113,54,178,189.0
18.8,1121,324,299,0.0
18.8,1104,361,252,378.24
18.8,1108,180,155,67.5
18.8,1092,397,231,273.35
18.8,1122,445,175,441.39
18.8,1116,253,478,470.18
18.8,1123,553,171,0.0
18.8,1117,228,150,127.36
18.8,1122,415,188,441.39
18.8,1110,599,195,175.5
18.8,1111,276,149,189.48
18.9,1113,70,183,226.3
18.9,1124,642,283,0.0
18.9,1125,267,409,0.0
18.9,1121,328,319,275.35
18.9,1108,190,155,135.0
18.9,1066,101,170,461.38
18.9,1104,365,279,428.82
18.9,1116,247,469,146.02
18.9,1122,437,189,297.31
18.9,1110,625,175,236.15
18.9,1104,380,251,428.82
18.9,1111,263,151,177.56
18.9,1117,231,153,57.28
18.9,1066,133,158,461.38
18.9,1110,616,190,236.15
18.9,1119,18,173,418.72
18.9,1092,401,201,162.56
18.9,1120,618,213,340.72
18.9,1092,393,210,162.56
19.0,1126,659,359,0.0
19.0,1127,317,368,0.0
19.0,1125,266,435,351.26
19.0,1113,51,194,467.85
19.0,1128,19,217,0.0
19.0,1066,149,162,222.65
19.0,1110,643,203,404.55
19.0,1120,621,243,407.02
19.0,1113,75,169,467.85
19.0,1121,351,312,324.56
19.0,1122,432,212,317.75
19.0,1111,240,153,311.67
19.0,1104,373,270,138.99
19.0,1124,648,261,307.85
19.0,1104,382,239,138.99
19.0,1108,185,151,86.44
19.0,1104,377,230,138.99
19.1,1126,654,360,68.84
19.1,1125,289,426,333.43
19.1,1120,654,241,446.32
19.1,1113,88,180,459.79
19.1,1128,36,202,306.07
19.1,1129,708,444,0.0
19.1,1066,137,169,345.77
19.1,1127,338,350,373.39
19.1,1124,644,292,421.97
19.1,1130,233,476,0.0
19.1,1066,157,153,345.77
19.1,1122,427,246,463.94
19.1,1131,29,154,0.0
19.1,1108,199,155,137.67
19.1,1111,268,155,378.96
19.1,1108,220,153,137.67
19.1,1121,360,310,445.3
19.1,1113,86,146,459.79
19.1,1121,364,297,445.3
19.1,1121,356,265,445.3
19.1,1108,210,155,137.67
19.1,1132,558,169,0.0
19.2,1126,681,377,430.73
19.2,1125,284,406,278.31
19.2,1124,671,301,384.22
19.2,1129,708,464,270.0
19.2,1133,299,462,0.0
19.2,1128,21,211,236.15
19.2,1134,403,305,0.0
19.2,1066,147,163,326.24
19.2,1127,322,360,254.72
19.2,1066,125,173,326.24
19.2,1108,191,159,308.44
19.2,1132,578,187,354.36
19.2,1111,253,150,213.45
19.2,1131,8,160,294.84
19.2,1132,566,156,354.36
19.2,1108,212,150,308.44
19.2,1132,574,181,354.36
19.3,1135,718,400,0.0
19.3,1128,42,191,391.5
19.3,1066,108,175,231.08
19.3,1136,235,465,0.0
19.3,1137,348,400,0.0
19.3,1129,723,476,259.33
19.3,1108,201,157,176.02
19.3,1132,568,163,308.14
19.3,1138,450,173,402.74
19.3,1139,415,235,0.0
19.3,1111,240,150,175.5
19.3,1138,421,180,402.74
19.3,1132,579,183,308.14
19.4,1066,135,166,351.0
19.4,1128,31,160,444.07
19.4,1140,464,190,0.0
19.4,1108,181,160,273.02
19.4,1141,384,282,0.0
19.4,1138,416,212,437.24
19.4,1132,574,172,163.12
19.4,1111,248,152,111.32
19.4,1142,298,395,0.0
19.4,1139,389,237,420.02
19.4,1143,430,162,0.0
19.4,1139,367,215,420.02
19.4,1144,790,488,0.0
19.4,1066,111,156,351.0
19.5,1145,366,383,0.0
19.5,1128,35,189,395.21
19.5,1140,442,217,470.18
19.5,1146,631,297,0.0
19.5,1147,331,329,0.0
19.5,1066,78,154,446.32
19.5,1132,584,191,289.86
19.5,1148,631,215,382.31
19.5,1149,397,247,0.0
19.5,1150,233,464,397.28
19.5,1108,182,157,42.69
19.5,1151,21,149,0.0
19.5,1148,652,234,382.31
19.5,1141,382,294,164.23
19.5,1139,355,244,423.69
19.5,1138,412,184,381.84
19.5,1111,222,155,353.33
19.5,1150,262,459,397.28
19.6,1152,667,387,0.0
19.6,1128,43,197,426.91
19.6,1150,261,434,337.77
19.6,1128,69,179,426.91
19.6,1153,672,303,0.0
19.6,1154,18,220,0.0
19.6,1141,379,296,48.67
19.6,1155,749,464,0.0
19.6,1156,612,218,0.0
19.6,1157,324,377,0.0
19.6,1149,410,253,193.29
19.6,1158,120,162,0.0
19.6,1159,320,474,0.0
19.6,1147,329,316,177.56
19.6,1148,654,254,271.35
19.6,1140,448,197,281.89
19.6,1151,20,160,149.11
19.6,1132,594,187,145.4
19.6,1108,215,154,447.34
19.6,1160,554,173,0.0
19.6,1138,408,208,328.47
19.7,1161,708,395,0.0
19.7,1153,673,312,122.25
19.7,1154,21,206,193.29
19.7,1148,642,259,175.5
19.7,1157,333,375,124.46
19.7,1160,559,189,226.3
19.7,1141,360,306,289.86
19.7,1158,138,168,416.75
19.7,1150,268,426,143.51
19.7,1149,396,265,248.93
19.7,1162,255,470,0.0
19.7,1128,55,184,200.69
19.7,1158,110,181,416.75
19.7,1138,431,228,411.47
19.7,1163,169,159,180.11
19.7,1164,436,157,0.0
19.7,1108,248,156,446.32
19.7,1156,615,215,57.28
19.7,1163,182,156,180.11
19.7,1155,724,487,458.6
19.7,1165,518,162,0.0
19.8,1158,99,174,452.8
19.8,1157,329,388,183.62
19.8,1161,719,416,320.04
19.8,1153,682,324,202.5
19.8,1141,355,325,265.23
19.8,1162,252,465,78.72
19.8,1160,579,214,149.11
19.8,1128,49,157,373.39
19.8,1163,178,161,353.33
19.8,1149,400,276,337.5
19.8,1164,444,180,328.75
19.8,1148,644,256,48.67
19.8,1158,129,159,452.8
19.8,1108,222,155,351.26
19.8,1149,407,252,337.5
19.8,1163,204,158,353.33
19.8,1160,588,225,149.11
19.8,1166,786,493,0.0
19.8,1160,579,237,149.11
19.8,1167,279,154,0.0
19.8,1168,572,202,0.0
19.8,1160,590,236,149.11
19.9,1161,712,425,153.92
19.9,1169,38,198,0.0
19.9,1153,652,322,405.9
19.9,1170,309,423,0.0
19.9,1171,389,212,0.0
19.9,1172,167,158,283.82
19.9,1141,357,351,352.04
19.9,1173,487,167,0.0
19.9,1174,327,472,0.0
19.9,1164,434,179,135.67
19.9,1160,616,241,346.03
19.9,1158,110,154,265.23
19.9,1128,30,153,297.31
19.9,1175,358,302,0.0
19.9,1163,230,153,357.43
19.9,1160,592,232,346.03
19.9,1172,186,149,283.82
19.9,1128,8,154,297.31
19.9,1176,615,287,0.0
20.0,1161,685,422,366.74
20.0,1175,373,276,405.22
20.0,1169,69,184,459.2
20.0,1170,293,449,412.14
20.0,1158,137,169,386.82
20.0,1177,628,357,0.0
20.0,1171,419,203,422.83
20.0,1178,297,402,0.0
20.0,1172,219,152,447.34
20.0,1153,642,302,301.87
20.0,1128,24,161,296.39
20.0,1163,263,149,448.76
20.0,1158,162,155,386.82
20.0,1128,5,172,296.39
20.0,1179,647,257,124.46
20.0,1179,649,266,124.46
20.0,1180,60,146,0.0
20.0,1181,97,146,0.0
